output_path,true_label_name,nearest_wrong_class_name,plain_prompt,suffixed_prompt,source_a_image_path,source_b_image_path,source_a_sample_id,source_b_sample_id,source_a_margin,source_b_margin,circle_lambda,theta,seed,num_inference_steps,guidance_scale,split_ratio,batch_size,latent_noise_std
experiments\sd_lora_ici_outputs\AKIEC\AKIEC_near_BCC_0000.png,AKIEC,BCC,a dermoscopic image of actinic keratosis or intraepithelial carcinoma,a dermoscopic image of actinic keratosis or intraepithelial carcinoma,dataset\ISIC2018_Task3_Training_Input\ISIC_0025319.jpg,dataset\ISIC2018_Task3_Training_Input\ISIC_0024517.jpg,ISIC_0025319,ISIC_0024517,0.1103724837303161,-0.0329854488372802,3.5770817234988397,1.5627906322479248,42,100,5.0,0.3,32,0.0
experiments\sd_lora_ici_outputs\AKIEC\AKIEC_near_BCC_0001.png,AKIEC,BCC,a dermoscopic image of actinic keratosis or intraepithelial carcinoma,a dermoscopic image of actinic keratosis or intraepithelial carcinoma,dataset\ISIC2018_Task3_Training_Input\ISIC_0032203.jpg,dataset\ISIC2018_Task3_Training_Input\ISIC_0028763.jpg,ISIC_0032203,ISIC_0028763,-0.1179068088531494,0.1289794445037841,2.9569522564276305,1.5775505304336548,42,100,5.0,0.3,32,0.0
experiments\sd_lora_ici_outputs\AKIEC\AKIEC_near_BCC_0002.png,AKIEC,BCC,a dermoscopic image of actinic keratosis or intraepithelial carcinoma,a dermoscopic image of actinic keratosis or intraepithelial carcinoma,dataset\ISIC2018_Task3_Training_Input\ISIC_0030387.jpg,dataset\ISIC2018_Task3_Training_Input\ISIC_0029462.jpg,ISIC_0030387,ISIC_0029462,0.0356027483940124,0.0259409546852111,0.6270200424535425,1.5576982498168945,42,100,5.0,0.3,32,0.0
experiments\sd_lora_ici_outputs\AKIEC\AKIEC_near_BCC_0003.png,AKIEC,BCC,a dermoscopic image of actinic keratosis or intraepithelial carcinoma,a dermoscopic image of actinic keratosis or intraepithelial carcinoma,dataset\ISIC2018_Task3_Training_Input\ISIC_0029567.jpg,dataset\ISIC2018_Task3_Training_Input\ISIC_0029371.jpg,ISIC_0029567,ISIC_0029371,0.0228070616722106,-0.018947958946228,1.123153409341649,1.5762110948562622,42,100,5.0,0.3,32,0.0
experiments\sd_lora_ici_outputs\AKIEC\AKIEC_near_BCC_0004.png,AKIEC,BCC,a dermoscopic image of actinic keratosis or intraepithelial carcinoma,a dermoscopic image of actinic keratosis or intraepithelial carcinoma,dataset\ISIC2018_Task3_Training_Input\ISIC_0028763.jpg,dataset\ISIC2018_Task3_Training_Input\ISIC_0028132.jpg,ISIC_0028763,ISIC_0028132,0.1289794445037841,-0.0347254276275634,0.8513363994899364,1.554526686668396,42,100,5.0,0.3,32,0.0
experiments\sd_lora_ici_outputs\AKIEC\AKIEC_near_BKL_0000.png,AKIEC,BKL,a dermoscopic image of actinic keratosis or intraepithelial carcinoma,a dermoscopic image of actinic keratosis or intraepithelial carcinoma,dataset\ISIC2018_Task3_Training_Input\ISIC_0028335.jpg,dataset\ISIC2018_Task3_Training_Input\ISIC_0028990.jpg,ISIC_0028335,ISIC_0028990,0.1169366240501403,0.1255248785018921,1.3775990780966898,1.5638660192489624,42,100,5.0,0.3,32,0.0
experiments\sd_lora_ici_outputs\AKIEC\AKIEC_near_BKL_0001.png,AKIEC,BKL,a dermoscopic image of actinic keratosis or intraepithelial carcinoma,a dermoscopic image of actinic keratosis or intraepithelial carcinoma,dataset\ISIC2018_Task3_Training_Input\ISIC_0024707.jpg,dataset\ISIC2018_Task3_Training_Input\ISIC_0026362.jpg,ISIC_0024707,ISIC_0026362,0.0877667069435119,-0.0003144741058349,2.767145976653652,1.5610567331314087,42,100,5.0,0.3,32,0.0
experiments\sd_lora_ici_outputs\AKIEC\AKIEC_near_BKL_0002.png,AKIEC,BKL,a dermoscopic image of actinic keratosis or intraepithelial carcinoma,a dermoscopic image of actinic keratosis or intraepithelial carcinoma,dataset\ISIC2018_Task3_Training_Input\ISIC_0033536.jpg,dataset\ISIC2018_Task3_Training_Input\ISIC_0029141.jpg,ISIC_0033536,ISIC_0029141,0.0945623517036438,0.0808208584785461,3.39058786998883,1.5805546045303345,42,100,5.0,0.3,32,0.0
experiments\sd_lora_ici_outputs\AKIEC\AKIEC_near_BKL_0003.png,AKIEC,BKL,a dermoscopic image of actinic keratosis or intraepithelial carcinoma,a dermoscopic image of actinic keratosis or intraepithelial carcinoma,dataset\ISIC2018_Task3_Training_Input\ISIC_0033811.jpg,dataset\ISIC2018_Task3_Training_Input\ISIC_0024654.jpg,ISIC_0033811,ISIC_0024654,-0.0496808886528015,-0.0531648397445678,1.9938573183610098,1.5926810503005981,42,100,5.0,0.3,32,0.0
experiments\sd_lora_ici_outputs\AKIEC\AKIEC_near_BKL_0004.png,AKIEC,BKL,a dermoscopic image of actinic keratosis or intraepithelial carcinoma,a dermoscopic image of actinic keratosis or intraepithelial carcinoma,dataset\ISIC2018_Task3_Training_Input\ISIC_0026362.jpg,dataset\ISIC2018_Task3_Training_Input\ISIC_0026171.jpg,ISIC_0026362,ISIC_0026171,-0.0003144741058349,0.0500617027282714,1.0101255811150935,1.5620249509811401,42,100,5.0,0.3,32,0.0
experiments\sd_lora_ici_outputs\AKIEC\AKIEC_near_DF_0000.png,AKIEC,DF,a dermoscopic image of actinic keratosis or intraepithelial carcinoma,a dermoscopic image of actinic keratosis or intraepithelial carcinoma,dataset\ISIC2018_Task3_Training_Input\ISIC_0030408.jpg,dataset\ISIC2018_Task3_Training_Input\ISIC_0024946.jpg,ISIC_0030408,ISIC_0024946,0.115879476070404,0.2110769748687744,3.6040200964719094,1.5832685232162476,42,100,5.0,0.3,32,0.0
experiments\sd_lora_ici_outputs\AKIEC\AKIEC_near_DF_0001.png,AKIEC,DF,a dermoscopic image of actinic keratosis or intraepithelial carcinoma,a dermoscopic image of actinic keratosis or intraepithelial carcinoma,dataset\ISIC2018_Task3_Training_Input\ISIC_0026388.jpg,dataset\ISIC2018_Task3_Training_Input\ISIC_0028517.jpg,ISIC_0026388,ISIC_0028517,0.2437915205955505,-0.0115032196044921,0.20337434426157158,1.56941556930542,42,100,5.0,0.3,32,0.0
experiments\sd_lora_ici_outputs\AKIEC\AKIEC_near_DF_0002.png,AKIEC,DF,a dermoscopic image of actinic keratosis or intraepithelial carcinoma,a dermoscopic image of actinic keratosis or intraepithelial carcinoma,dataset\ISIC2018_Task3_Training_Input\ISIC_0031922.jpg,dataset\ISIC2018_Task3_Training_Input\ISIC_0025182.jpg,ISIC_0031922,ISIC_0025182,0.2226098775863647,0.1131113767623901,2.577564066640061,1.546160101890564,42,100,5.0,0.3,32,0.0
experiments\sd_lora_ici_outputs\AKIEC\AKIEC_near_DF_0003.png,AKIEC,DF,a dermoscopic image of actinic keratosis or intraepithelial carcinoma,a dermoscopic image of actinic keratosis or intraepithelial carcinoma,dataset\ISIC2018_Task3_Training_Input\ISIC_0031578.jpg,dataset\ISIC2018_Task3_Training_Input\ISIC_0030826.jpg,ISIC_0031578,ISIC_0030826,0.2863304615020752,0.2574142813682556,3.3323426457627483,1.563749074935913,42,100,5.0,0.3,32,0.0
experiments\sd_lora_ici_outputs\AKIEC\AKIEC_near_DF_0004.png,AKIEC,DF,a dermoscopic image of actinic keratosis or intraepithelial carcinoma,a dermoscopic image of actinic keratosis or intraepithelial carcinoma,dataset\ISIC2018_Task3_Training_Input\ISIC_0026702.jpg,dataset\ISIC2018_Task3_Training_Input\ISIC_0031044.jpg,ISIC_0026702,ISIC_0031044,0.2762678861618042,0.2222226858139038,0.17471971175937068,1.585426688194275,42,100,5.0,0.3,32,0.0
experiments\sd_lora_ici_outputs\AKIEC\AKIEC_near_MEL_0000.png,AKIEC,MEL,a dermoscopic image of actinic keratosis or intraepithelial carcinoma,a dermoscopic image of actinic keratosis or intraepithelial carcinoma,dataset\ISIC2018_Task3_Training_Input\ISIC_0026857.jpg,dataset\ISIC2018_Task3_Training_Input\ISIC_0030602.jpg,ISIC_0026857,ISIC_0030602,0.095697283744812,0.0588205456733703,1.3565435987341008,1.5449540615081787,42,100,5.0,0.3,32,0.0
experiments\sd_lora_ici_outputs\AKIEC\AKIEC_near_MEL_0001.png,AKIEC,MEL,a dermoscopic image of actinic keratosis or intraepithelial carcinoma,a dermoscopic image of actinic keratosis or intraepithelial carcinoma,dataset\ISIC2018_Task3_Training_Input\ISIC_0030280.jpg,dataset\ISIC2018_Task3_Training_Input\ISIC_0025577.jpg,ISIC_0030280,ISIC_0025577,0.1033716201782226,0.1482276320457458,0.5192011982483594,1.583132266998291,42,100,5.0,0.3,32,0.0
experiments\sd_lora_ici_outputs\AKIEC\AKIEC_near_MEL_0002.png,AKIEC,MEL,a dermoscopic image of actinic keratosis or intraepithelial carcinoma,a dermoscopic image of actinic keratosis or intraepithelial carcinoma,dataset\ISIC2018_Task3_Training_Input\ISIC_0027753.jpg,dataset\ISIC2018_Task3_Training_Input\ISIC_0024418.jpg,ISIC_0027753,ISIC_0024418,0.0764415264129638,-0.0761671066284179,3.9190519185132757,1.5708523988723755,42,100,5.0,0.3,32,0.0
experiments\sd_lora_ici_outputs\AKIEC\AKIEC_near_MEL_0003.png,AKIEC,MEL,a dermoscopic image of actinic keratosis or intraepithelial carcinoma,a dermoscopic image of actinic keratosis or intraepithelial carcinoma,dataset\ISIC2018_Task3_Training_Input\ISIC_0031852.jpg,dataset\ISIC2018_Task3_Training_Input\ISIC_0032329.jpg,ISIC_0031852,ISIC_0032329,0.0222151279449462,0.2518965005874634,0.6456920344734876,1.5723432302474976,42,100,5.0,0.3,32,0.0
experiments\sd_lora_ici_outputs\AKIEC\AKIEC_near_MEL_0004.png,AKIEC,MEL,a dermoscopic image of actinic keratosis or intraepithelial carcinoma,a dermoscopic image of actinic keratosis or intraepithelial carcinoma,dataset\ISIC2018_Task3_Training_Input\ISIC_0028231.jpg,dataset\ISIC2018_Task3_Training_Input\ISIC_0030191.jpg,ISIC_0028231,ISIC_0030191,0.099362313747406,0.0878820419311523,1.7644400070096806,1.5733798742294312,42,100,5.0,0.3,32,0.0
experiments\sd_lora_ici_outputs\BCC\BCC_near_AKIEC_0000.png,BCC,AKIEC,a dermoscopic image of basal cell carcinoma,a dermoscopic image of basal cell carcinoma,dataset\ISIC2018_Task3_Training_Input\ISIC_0031154.jpg,dataset\ISIC2018_Task3_Training_Input\ISIC_0033979.jpg,ISIC_0031154,ISIC_0033979,0.0052418708801269,-0.0376721024513244,2.7946611561632566,1.5865391492843628,42,100,5.0,0.3,32,0.0
experiments\sd_lora_ici_outputs\BCC\BCC_near_AKIEC_0001.png,BCC,AKIEC,a dermoscopic image of basal cell carcinoma,a dermoscopic image of basal cell carcinoma,dataset\ISIC2018_Task3_Training_Input\ISIC_0026687.jpg,dataset\ISIC2018_Task3_Training_Input\ISIC_0027337.jpg,ISIC_0026687,ISIC_0027337,-0.0169166922569274,0.096842348575592,2.2858283617366517,1.541796326637268,42,100,5.0,0.3,32,0.0
experiments\sd_lora_ici_outputs\BCC\BCC_near_AKIEC_0002.png,BCC,AKIEC,a dermoscopic image of basal cell carcinoma,a dermoscopic image of basal cell carcinoma,dataset\ISIC2018_Task3_Training_Input\ISIC_0030644.jpg,dataset\ISIC2018_Task3_Training_Input\ISIC_0026845.jpg,ISIC_0030644,ISIC_0026845,0.0169578790664672,-0.0538793802261352,0.4509677451931613,1.558701992034912,42,100,5.0,0.3,32,0.0
experiments\sd_lora_ici_outputs\BCC\BCC_near_AKIEC_0003.png,BCC,AKIEC,a dermoscopic image of basal cell carcinoma,a dermoscopic image of basal cell carcinoma,dataset\ISIC2018_Task3_Training_Input\ISIC_0028688.jpg,dataset\ISIC2018_Task3_Training_Input\ISIC_0028964.jpg,ISIC_0028688,ISIC_0028964,-0.0791296958923339,0.0333669185638427,3.916179550422819,1.5162558555603027,42,100,5.0,0.3,32,0.0
experiments\sd_lora_ici_outputs\BCC\BCC_near_AKIEC_0004.png,BCC,AKIEC,a dermoscopic image of basal cell carcinoma,a dermoscopic image of basal cell carcinoma,dataset\ISIC2018_Task3_Training_Input\ISIC_0026845.jpg,dataset\ISIC2018_Task3_Training_Input\ISIC_0027046.jpg,ISIC_0026845,ISIC_0027046,-0.0538793802261352,0.0172712206840515,2.8206216632953414,1.5393075942993164,42,100,5.0,0.3,32,0.0
experiments\sd_lora_ici_outputs\BCC\BCC_near_BKL_0000.png,BCC,BKL,a dermoscopic image of basal cell carcinoma,a dermoscopic image of basal cell carcinoma,dataset\ISIC2018_Task3_Training_Input\ISIC_0024515.jpg,dataset\ISIC2018_Task3_Training_Input\ISIC_0030782.jpg,ISIC_0024515,ISIC_0030782,0.2940273284912109,0.3408516049385071,0.6000683333605638,1.5607150793075562,42,100,5.0,0.3,32,0.0
experiments\sd_lora_ici_outputs\BCC\BCC_near_BKL_0001.png,BCC,BKL,a dermoscopic image of basal cell carcinoma,a dermoscopic image of basal cell carcinoma,dataset\ISIC2018_Task3_Training_Input\ISIC_0032139.jpg,dataset\ISIC2018_Task3_Training_Input\ISIC_0029341.jpg,ISIC_0032139,ISIC_0029341,0.2138182520866394,0.0156769156455993,0.14556262954106255,1.5551482439041138,42,100,5.0,0.3,32,0.0
experiments\sd_lora_ici_outputs\BCC\BCC_near_BKL_0002.png,BCC,BKL,a dermoscopic image of basal cell carcinoma,a dermoscopic image of basal cell carcinoma,dataset\ISIC2018_Task3_Training_Input\ISIC_0031140.jpg,dataset\ISIC2018_Task3_Training_Input\ISIC_0031824.jpg,ISIC_0031140,ISIC_0031824,0.3731644749641418,0.3056082129478454,1.4964775177344707,1.5502086877822876,42,100,5.0,0.3,32,0.0
experiments\sd_lora_ici_outputs\BCC\BCC_near_BKL_0003.png,BCC,BKL,a dermoscopic image of basal cell carcinoma,a dermoscopic image of basal cell carcinoma,dataset\ISIC2018_Task3_Training_Input\ISIC_0025417.jpg,dataset\ISIC2018_Task3_Training_Input\ISIC_0029647.jpg,ISIC_0025417,ISIC_0029647,0.3339219689369201,0.0508068203926086,2.233218744585011,1.5545353889465332,42,100,5.0,0.3,32,0.0
experiments\sd_lora_ici_outputs\BCC\BCC_near_BKL_0004.png,BCC,BKL,a dermoscopic image of basal cell carcinoma,a dermoscopic image of basal cell carcinoma,dataset\ISIC2018_Task3_Training_Input\ISIC_0026995.jpg,dataset\ISIC2018_Task3_Training_Input\ISIC_0027858.jpg,ISIC_0026995,ISIC_0027858,0.2981743216514587,0.0463950634002685,1.7165419234905148,1.573180079460144,42,100,5.0,0.3,32,0.0
experiments\sd_lora_ici_outputs\BCC\BCC_near_DF_0000.png,BCC,DF,a dermoscopic image of basal cell carcinoma,a dermoscopic image of basal cell carcinoma,dataset\ISIC2018_Task3_Training_Input\ISIC_0032894.jpg,dataset\ISIC2018_Task3_Training_Input\ISIC_0026902.jpg,ISIC_0032894,ISIC_0026902,0.2532868385314941,0.138123333454132,0.1688516081593255,1.556505560874939,42,100,5.0,0.3,32,0.0
experiments\sd_lora_ici_outputs\BCC\BCC_near_DF_0001.png,BCC,DF,a dermoscopic image of basal cell carcinoma,a dermoscopic image of basal cell carcinoma,dataset\ISIC2018_Task3_Training_Input\ISIC_0030766.jpg,dataset\ISIC2018_Task3_Training_Input\ISIC_0029230.jpg,ISIC_0030766,ISIC_0029230,0.2742231488227844,0.273206353187561,1.4603766316357747,1.5688918828964233,42,100,5.0,0.3,32,0.0
experiments\sd_lora_ici_outputs\BCC\BCC_near_DF_0002.png,BCC,DF,a dermoscopic image of basal cell carcinoma,a dermoscopic image of basal cell carcinoma,dataset\ISIC2018_Task3_Training_Input\ISIC_0026957.jpg,dataset\ISIC2018_Task3_Training_Input\ISIC_0025731.jpg,ISIC_0026957,ISIC_0025731,0.1905729174613952,0.2576062083244324,3.7055180806116845,1.5821714401245117,42,100,5.0,0.3,32,0.0
experiments\sd_lora_ici_outputs\BCC\BCC_near_DF_0003.png,BCC,DF,a dermoscopic image of basal cell carcinoma,a dermoscopic image of basal cell carcinoma,dataset\ISIC2018_Task3_Training_Input\ISIC_0025691.jpg,dataset\ISIC2018_Task3_Training_Input\ISIC_0030010.jpg,ISIC_0025691,ISIC_0030010,0.1062037348747253,0.3066980242729187,3.947848403221535,1.5472958087921143,42,100,5.0,0.3,32,0.0
experiments\sd_lora_ici_outputs\BCC\BCC_near_DF_0004.png,BCC,DF,a dermoscopic image of basal cell carcinoma,a dermoscopic image of basal cell carcinoma,dataset\ISIC2018_Task3_Training_Input\ISIC_0033054.jpg,dataset\ISIC2018_Task3_Training_Input\ISIC_0025260.jpg,ISIC_0033054,ISIC_0025260,0.0430532693862915,-0.0100013017654418,0.16383952630033286,1.5299538373947144,42,100,5.0,0.3,32,0.0
experiments\sd_lora_ici_outputs\BCC\BCC_near_MEL_0000.png,BCC,MEL,a dermoscopic image of basal cell carcinoma,a dermoscopic image of basal cell carcinoma,dataset\ISIC2018_Task3_Training_Input\ISIC_0033366.jpg,dataset\ISIC2018_Task3_Training_Input\ISIC_0026282.jpg,ISIC_0033366,ISIC_0026282,0.2930919528007507,0.148465871810913,1.4600522333872423,1.5397953987121582,42,100,5.0,0.3,32,0.0
experiments\sd_lora_ici_outputs\BCC\BCC_near_MEL_0001.png,BCC,MEL,a dermoscopic image of basal cell carcinoma,a dermoscopic image of basal cell carcinoma,dataset\ISIC2018_Task3_Training_Input\ISIC_0026117.jpg,dataset\ISIC2018_Task3_Training_Input\ISIC_0033203.jpg,ISIC_0026117,ISIC_0033203,0.3067283034324646,0.1784663796424865,2.7661862925394622,1.5492634773254395,42,100,5.0,0.3,32,0.0
experiments\sd_lora_ici_outputs\BCC\BCC_near_MEL_0002.png,BCC,MEL,a dermoscopic image of basal cell carcinoma,a dermoscopic image of basal cell carcinoma,dataset\ISIC2018_Task3_Training_Input\ISIC_0026056.jpg,dataset\ISIC2018_Task3_Training_Input\ISIC_0026282.jpg,ISIC_0026056,ISIC_0026282,0.059960663318634,0.148465871810913,2.7142573259313725,1.5438721179962158,42,100,5.0,0.3,32,0.0
experiments\sd_lora_ici_outputs\BCC\BCC_near_MEL_0003.png,BCC,MEL,a dermoscopic image of basal cell carcinoma,a dermoscopic image of basal cell carcinoma,dataset\ISIC2018_Task3_Training_Input\ISIC_0026230.jpg,dataset\ISIC2018_Task3_Training_Input\ISIC_0031236.jpg,ISIC_0026230,ISIC_0031236,0.0642563104629516,0.1963648796081543,1.4400191002954694,1.5431936979293823,42,100,5.0,0.3,32,0.0
experiments\sd_lora_ici_outputs\BCC\BCC_near_MEL_0004.png,BCC,MEL,a dermoscopic image of basal cell carcinoma,a dermoscopic image of basal cell carcinoma,dataset\ISIC2018_Task3_Training_Input\ISIC_0032959.jpg,dataset\ISIC2018_Task3_Training_Input\ISIC_0028084.jpg,ISIC_0032959,ISIC_0028084,0.1673251986503601,0.2261728048324585,2.2520779606273322,1.5620471239089966,42,100,5.0,0.3,32,0.0
experiments\sd_lora_ici_outputs\BCC\BCC_near_NV_0000.png,BCC,NV,a dermoscopic image of basal cell carcinoma,a dermoscopic image of basal cell carcinoma,dataset\ISIC2018_Task3_Training_Input\ISIC_0028739.jpg,dataset\ISIC2018_Task3_Training_Input\ISIC_0024931.jpg,ISIC_0028739,ISIC_0024931,0.2173495292663574,0.2162234187126159,3.5048538534323397,1.568105936050415,42,100,5.0,0.3,32,0.0
experiments\sd_lora_ici_outputs\BCC\BCC_near_NV_0001.png,BCC,NV,a dermoscopic image of basal cell carcinoma,a dermoscopic image of basal cell carcinoma,dataset\ISIC2018_Task3_Training_Input\ISIC_0028739.jpg,dataset\ISIC2018_Task3_Training_Input\ISIC_0025509.jpg,ISIC_0028739,ISIC_0025509,0.2173495292663574,0.3413922786712646,3.973079474704601,1.5400644540786743,42,100,5.0,0.3,32,0.0
experiments\sd_lora_ici_outputs\BCC\BCC_near_NV_0002.png,BCC,NV,a dermoscopic image of basal cell carcinoma,a dermoscopic image of basal cell carcinoma,dataset\ISIC2018_Task3_Training_Input\ISIC_0024931.jpg,dataset\ISIC2018_Task3_Training_Input\ISIC_0028739.jpg,ISIC_0024931,ISIC_0028739,0.2162234187126159,0.2173495292663574,3.003053943063284,1.568105936050415,42,100,5.0,0.3,32,0.0
experiments\sd_lora_ici_outputs\BCC\BCC_near_NV_0003.png,BCC,NV,a dermoscopic image of basal cell carcinoma,a dermoscopic image of basal cell carcinoma,dataset\ISIC2018_Task3_Training_Input\ISIC_0028486.jpg,dataset\ISIC2018_Task3_Training_Input\ISIC_0024931.jpg,ISIC_0028486,ISIC_0024931,0.191889226436615,0.2162234187126159,3.7025513716517904,1.5710101127624512,42,100,5.0,0.3,32,0.0
experiments\sd_lora_ici_outputs\BCC\BCC_near_NV_0004.png,BCC,NV,a dermoscopic image of basal cell carcinoma,a dermoscopic image of basal cell carcinoma,dataset\ISIC2018_Task3_Training_Input\ISIC_0025509.jpg,dataset\ISIC2018_Task3_Training_Input\ISIC_0024931.jpg,ISIC_0025509,ISIC_0024931,0.3413922786712646,0.2162234187126159,0.9518895685355072,1.5626440048217773,42,100,5.0,0.3,32,0.0
experiments\sd_lora_ici_outputs\BCC\BCC_near_VASC_0000.png,BCC,VASC,a dermoscopic image of basal cell carcinoma,a dermoscopic image of basal cell carcinoma,dataset\ISIC2018_Task3_Training_Input\ISIC_0029779.jpg,dataset\ISIC2018_Task3_Training_Input\ISIC_0027819.jpg,ISIC_0029779,ISIC_0027819,0.0260919332504272,0.1435422897338867,0.6529479136098503,1.5637215375900269,42,100,5.0,0.3,32,0.0
experiments\sd_lora_ici_outputs\BCC\BCC_near_VASC_0001.png,BCC,VASC,a dermoscopic image of basal cell carcinoma,a dermoscopic image of basal cell carcinoma,dataset\ISIC2018_Task3_Training_Input\ISIC_0030177.jpg,dataset\ISIC2018_Task3_Training_Input\ISIC_0025467.jpg,ISIC_0030177,ISIC_0025467,0.1348188519477844,0.0807825326919555,3.185708105141377,1.577620506286621,42,100,5.0,0.3,32,0.0
experiments\sd_lora_ici_outputs\BCC\BCC_near_VASC_0002.png,BCC,VASC,a dermoscopic image of basal cell carcinoma,a dermoscopic image of basal cell carcinoma,dataset\ISIC2018_Task3_Training_Input\ISIC_0033019.jpg,dataset\ISIC2018_Task3_Training_Input\ISIC_0032185.jpg,ISIC_0033019,ISIC_0032185,0.3110702037811279,0.3589585423469543,0.7125554305508615,1.561215877532959,42,100,5.0,0.3,32,0.0
experiments\sd_lora_ici_outputs\BCC\BCC_near_VASC_0003.png,BCC,VASC,a dermoscopic image of basal cell carcinoma,a dermoscopic image of basal cell carcinoma,dataset\ISIC2018_Task3_Training_Input\ISIC_0027675.jpg,dataset\ISIC2018_Task3_Training_Input\ISIC_0030778.jpg,ISIC_0027675,ISIC_0030778,0.2032831311225891,0.0413448810577392,1.6502529003598565,1.5697728395462036,42,100,5.0,0.3,32,0.0
experiments\sd_lora_ici_outputs\BCC\BCC_near_VASC_0004.png,BCC,VASC,a dermoscopic image of basal cell carcinoma,a dermoscopic image of basal cell carcinoma,dataset\ISIC2018_Task3_Training_Input\ISIC_0024436.jpg,dataset\ISIC2018_Task3_Training_Input\ISIC_0028671.jpg,ISIC_0024436,ISIC_0028671,0.3368055820465088,0.1014941930770874,0.721688431636182,1.5615551471710205,42,100,5.0,0.3,32,0.0
experiments\sd_lora_ici_outputs\BKL\BKL_near_AKIEC_0000.png,BKL,AKIEC,a dermoscopic image of benign keratosis-like lesion,a dermoscopic image of benign keratosis-like lesion,dataset\ISIC2018_Task3_Training_Input\ISIC_0027320.jpg,dataset\ISIC2018_Task3_Training_Input\ISIC_0027859.jpg,ISIC_0027320,ISIC_0027859,-0.0072276592254638,-0.1782256960868835,3.776466233856355,1.538137674331665,42,100,5.0,0.3,32,0.0
experiments\sd_lora_ici_outputs\BKL\BKL_near_AKIEC_0001.png,BKL,AKIEC,a dermoscopic image of benign keratosis-like lesion,a dermoscopic image of benign keratosis-like lesion,dataset\ISIC2018_Task3_Training_Input\ISIC_0030876.jpg,dataset\ISIC2018_Task3_Training_Input\ISIC_0028611.jpg,ISIC_0030876,ISIC_0028611,-0.0953842401504516,-0.1879311800003051,3.1732847830873627,1.5491453409194946,42,100,5.0,0.3,32,0.0
experiments\sd_lora_ici_outputs\BKL\BKL_near_AKIEC_0002.png,BKL,AKIEC,a dermoscopic image of benign keratosis-like lesion,a dermoscopic image of benign keratosis-like lesion,dataset\ISIC2018_Task3_Training_Input\ISIC_0027680.jpg,dataset\ISIC2018_Task3_Training_Input\ISIC_0024881.jpg,ISIC_0027680,ISIC_0024881,-0.0715201497077941,-0.0627918243408203,1.6598778950638715,1.5584701299667358,42,100,5.0,0.3,32,0.0
experiments\sd_lora_ici_outputs\BKL\BKL_near_AKIEC_0003.png,BKL,AKIEC,a dermoscopic image of benign keratosis-like lesion,a dermoscopic image of benign keratosis-like lesion,dataset\ISIC2018_Task3_Training_Input\ISIC_0024312.jpg,dataset\ISIC2018_Task3_Training_Input\ISIC_0031537.jpg,ISIC_0024312,ISIC_0031537,-0.0857554078102111,-0.1773802638053894,2.734160405299756,1.5394673347473145,42,100,5.0,0.3,32,0.0
experiments\sd_lora_ici_outputs\BKL\BKL_near_AKIEC_0004.png,BKL,AKIEC,a dermoscopic image of benign keratosis-like lesion,a dermoscopic image of benign keratosis-like lesion,dataset\ISIC2018_Task3_Training_Input\ISIC_0029802.jpg,dataset\ISIC2018_Task3_Training_Input\ISIC_0025842.jpg,ISIC_0029802,ISIC_0025842,-0.0966348648071289,-0.0252262949943542,2.9515279015526525,1.5647836923599243,42,100,5.0,0.3,32,0.0
experiments\sd_lora_ici_outputs\BKL\BKL_near_BCC_0000.png,BKL,BCC,a dermoscopic image of benign keratosis-like lesion,a dermoscopic image of benign keratosis-like lesion,dataset\ISIC2018_Task3_Training_Input\ISIC_0032481.jpg,dataset\ISIC2018_Task3_Training_Input\ISIC_0029329.jpg,ISIC_0032481,ISIC_0029329,0.1283231973648071,0.0449085235595703,1.0128841184685555,1.5394463539123535,42,100,5.0,0.3,32,0.0
experiments\sd_lora_ici_outputs\BKL\BKL_near_BCC_0001.png,BKL,BCC,a dermoscopic image of benign keratosis-like lesion,a dermoscopic image of benign keratosis-like lesion,dataset\ISIC2018_Task3_Training_Input\ISIC_0029991.jpg,dataset\ISIC2018_Task3_Training_Input\ISIC_0030812.jpg,ISIC_0029991,ISIC_0030812,-0.0511372685432434,-0.1064664721488952,0.6417503984214676,1.558658242225647,42,100,5.0,0.3,32,0.0
experiments\sd_lora_ici_outputs\BKL\BKL_near_BCC_0002.png,BKL,BCC,a dermoscopic image of benign keratosis-like lesion,a dermoscopic image of benign keratosis-like lesion,dataset\ISIC2018_Task3_Training_Input\ISIC_0030396.jpg,dataset\ISIC2018_Task3_Training_Input\ISIC_0034070.jpg,ISIC_0030396,ISIC_0034070,0.0420156121253967,0.0004796385765075,2.7925940205937367,1.5778379440307617,42,100,5.0,0.3,32,0.0
experiments\sd_lora_ici_outputs\BKL\BKL_near_BCC_0003.png,BKL,BCC,a dermoscopic image of benign keratosis-like lesion,a dermoscopic image of benign keratosis-like lesion,dataset\ISIC2018_Task3_Training_Input\ISIC_0030649.jpg,dataset\ISIC2018_Task3_Training_Input\ISIC_0032481.jpg,ISIC_0030649,ISIC_0032481,-0.0259525179862976,0.1283231973648071,1.5435487344323051,1.557178258895874,42,100,5.0,0.3,32,0.0
experiments\sd_lora_ici_outputs\BKL\BKL_near_BCC_0004.png,BKL,BCC,a dermoscopic image of benign keratosis-like lesion,a dermoscopic image of benign keratosis-like lesion,dataset\ISIC2018_Task3_Training_Input\ISIC_0030396.jpg,dataset\ISIC2018_Task3_Training_Input\ISIC_0031961.jpg,ISIC_0030396,ISIC_0031961,0.0420156121253967,-0.0048084259033203,0.15601363871126456,1.5595680475234985,42,100,5.0,0.3,32,0.0
experiments\sd_lora_ici_outputs\BKL\BKL_near_DF_0000.png,BKL,DF,a dermoscopic image of benign keratosis-like lesion,a dermoscopic image of benign keratosis-like lesion,dataset\ISIC2018_Task3_Training_Input\ISIC_0027064.jpg,dataset\ISIC2018_Task3_Training_Input\ISIC_0025484.jpg,ISIC_0027064,ISIC_0025484,-0.052807867527008,-0.02056086063385,1.883244106249265,1.5703926086425781,42,100,5.0,0.3,32,0.0
experiments\sd_lora_ici_outputs\BKL\BKL_near_DF_0001.png,BKL,DF,a dermoscopic image of benign keratosis-like lesion,a dermoscopic image of benign keratosis-like lesion,dataset\ISIC2018_Task3_Training_Input\ISIC_0028497.jpg,dataset\ISIC2018_Task3_Training_Input\ISIC_0026842.jpg,ISIC_0028497,ISIC_0026842,-0.0544312596321105,-0.0205656290054321,0.7999901422707183,1.5674606561660767,42,100,5.0,0.3,32,0.0
experiments\sd_lora_ici_outputs\BKL\BKL_near_DF_0002.png,BKL,DF,a dermoscopic image of benign keratosis-like lesion,a dermoscopic image of benign keratosis-like lesion,dataset\ISIC2018_Task3_Training_Input\ISIC_0028856.jpg,dataset\ISIC2018_Task3_Training_Input\ISIC_0024337.jpg,ISIC_0028856,ISIC_0024337,0.0530890226364135,0.0346395969390869,3.7120845152096846,1.5545991659164429,42,100,5.0,0.3,32,0.0
experiments\sd_lora_ici_outputs\BKL\BKL_near_DF_0003.png,BKL,DF,a dermoscopic image of benign keratosis-like lesion,a dermoscopic image of benign keratosis-like lesion,dataset\ISIC2018_Task3_Training_Input\ISIC_0030226.jpg,dataset\ISIC2018_Task3_Training_Input\ISIC_0025484.jpg,ISIC_0030226,ISIC_0025484,0.0297288298606872,-0.02056086063385,1.3950719721089921,1.5748066902160645,42,100,5.0,0.3,32,0.0
experiments\sd_lora_ici_outputs\BKL\BKL_near_DF_0004.png,BKL,DF,a dermoscopic image of benign keratosis-like lesion,a dermoscopic image of benign keratosis-like lesion,dataset\ISIC2018_Task3_Training_Input\ISIC_0028856.jpg,dataset\ISIC2018_Task3_Training_Input\ISIC_0025419.jpg,ISIC_0028856,ISIC_0025419,0.0530890226364135,0.0379936099052429,3.2363541284188444,1.5930216312408447,42,100,5.0,0.3,32,0.0
experiments\sd_lora_ici_outputs\BKL\BKL_near_MEL_0000.png,BKL,MEL,a dermoscopic image of benign keratosis-like lesion,a dermoscopic image of benign keratosis-like lesion,dataset\ISIC2018_Task3_Training_Input\ISIC_0025286.jpg,dataset\ISIC2018_Task3_Training_Input\ISIC_0033791.jpg,ISIC_0025286,ISIC_0033791,-0.0135990977287292,-0.0005947351455688,3.471849191374317,1.5768784284591675,42,100,5.0,0.3,32,0.0
experiments\sd_lora_ici_outputs\BKL\BKL_near_MEL_0001.png,BKL,MEL,a dermoscopic image of benign keratosis-like lesion,a dermoscopic image of benign keratosis-like lesion,dataset\ISIC2018_Task3_Training_Input\ISIC_0026365.jpg,dataset\ISIC2018_Task3_Training_Input\ISIC_0033437.jpg,ISIC_0026365,ISIC_0033437,-0.0179473161697387,-0.0201191902160644,0.9042284600481973,1.5490221977233887,42,100,5.0,0.3,32,0.0
experiments\sd_lora_ici_outputs\BKL\BKL_near_MEL_0002.png,BKL,MEL,a dermoscopic image of benign keratosis-like lesion,a dermoscopic image of benign keratosis-like lesion,dataset\ISIC2018_Task3_Training_Input\ISIC_0029596.jpg,dataset\ISIC2018_Task3_Training_Input\ISIC_0034125.jpg,ISIC_0029596,ISIC_0034125,-0.0314685702323913,-0.0511327385902404,2.605377601542403,1.5917503833770752,42,100,5.0,0.3,32,0.0
experiments\sd_lora_ici_outputs\BKL\BKL_near_MEL_0003.png,BKL,MEL,a dermoscopic image of benign keratosis-like lesion,a dermoscopic image of benign keratosis-like lesion,dataset\ISIC2018_Task3_Training_Input\ISIC_0026245.jpg,dataset\ISIC2018_Task3_Training_Input\ISIC_0029472.jpg,ISIC_0026245,ISIC_0029472,-0.0033300518989562,-0.0034281015396118,1.62002990532111,1.545425534248352,42,100,5.0,0.3,32,0.0
experiments\sd_lora_ici_outputs\BKL\BKL_near_MEL_0004.png,BKL,MEL,a dermoscopic image of benign keratosis-like lesion,a dermoscopic image of benign keratosis-like lesion,dataset\ISIC2018_Task3_Training_Input\ISIC_0024748.jpg,dataset\ISIC2018_Task3_Training_Input\ISIC_0029682.jpg,ISIC_0024748,ISIC_0029682,-0.0630918145179748,0.012234091758728,1.1221671842985892,1.559941053390503,42,100,5.0,0.3,32,0.0
experiments\sd_lora_ici_outputs\BKL\BKL_near_NV_0000.png,BKL,NV,a dermoscopic image of benign keratosis-like lesion,a dermoscopic image of benign keratosis-like lesion,dataset\ISIC2018_Task3_Training_Input\ISIC_0025366.jpg,dataset\ISIC2018_Task3_Training_Input\ISIC_0033854.jpg,ISIC_0025366,ISIC_0033854,-0.1623232960700988,0.1038848757743835,0.2813069679728088,1.550560474395752,42,100,5.0,0.3,32,0.0
experiments\sd_lora_ici_outputs\BKL\BKL_near_NV_0001.png,BKL,NV,a dermoscopic image of benign keratosis-like lesion,a dermoscopic image of benign keratosis-like lesion,dataset\ISIC2018_Task3_Training_Input\ISIC_0031577.jpg,dataset\ISIC2018_Task3_Training_Input\ISIC_0027139.jpg,ISIC_0031577,ISIC_0027139,-0.0898296236991882,-0.1558298468589782,3.1226563830201446,1.556032419204712,42,100,5.0,0.3,32,0.0
experiments\sd_lora_ici_outputs\BKL\BKL_near_NV_0002.png,BKL,NV,a dermoscopic image of benign keratosis-like lesion,a dermoscopic image of benign keratosis-like lesion,dataset\ISIC2018_Task3_Training_Input\ISIC_0029107.jpg,dataset\ISIC2018_Task3_Training_Input\ISIC_0026941.jpg,ISIC_0029107,ISIC_0026941,-0.0605138540267944,0.0574374198913574,1.4622566802918058,1.5088433027267456,42,100,5.0,0.3,32,0.0
experiments\sd_lora_ici_outputs\BKL\BKL_near_NV_0003.png,BKL,NV,a dermoscopic image of benign keratosis-like lesion,a dermoscopic image of benign keratosis-like lesion,dataset\ISIC2018_Task3_Training_Input\ISIC_0033854.jpg,dataset\ISIC2018_Task3_Training_Input\ISIC_0026142.jpg,ISIC_0033854,ISIC_0026142,0.1038848757743835,0.0155235528945922,2.077521710323714,1.5406290292739868,42,100,5.0,0.3,32,0.0
experiments\sd_lora_ici_outputs\BKL\BKL_near_NV_0004.png,BKL,NV,a dermoscopic image of benign keratosis-like lesion,a dermoscopic image of benign keratosis-like lesion,dataset\ISIC2018_Task3_Training_Input\ISIC_0027139.jpg,dataset\ISIC2018_Task3_Training_Input\ISIC_0025804.jpg,ISIC_0027139,ISIC_0025804,-0.1558298468589782,-0.0539441108703613,2.739953272703962,1.558252215385437,42,100,5.0,0.3,32,0.0
experiments\sd_lora_ici_outputs\BKL\BKL_near_VASC_0000.png,BKL,VASC,a dermoscopic image of benign keratosis-like lesion,a dermoscopic image of benign keratosis-like lesion,dataset\ISIC2018_Task3_Training_Input\ISIC_0025275.jpg,dataset\ISIC2018_Task3_Training_Input\ISIC_0029600.jpg,ISIC_0025275,ISIC_0029600,0.05854332447052,-0.0735872983932495,3.358277004890256,1.5784521102905273,42,100,5.0,0.3,32,0.0
experiments\sd_lora_ici_outputs\BKL\BKL_near_VASC_0001.png,BKL,VASC,a dermoscopic image of benign keratosis-like lesion,a dermoscopic image of benign keratosis-like lesion,dataset\ISIC2018_Task3_Training_Input\ISIC_0025275.jpg,dataset\ISIC2018_Task3_Training_Input\ISIC_0029600.jpg,ISIC_0025275,ISIC_0029600,0.05854332447052,-0.0735872983932495,1.3181749214147858,1.5784521102905273,42,100,5.0,0.3,32,0.0
experiments\sd_lora_ici_outputs\BKL\BKL_near_VASC_0002.png,BKL,VASC,a dermoscopic image of benign keratosis-like lesion,a dermoscopic image of benign keratosis-like lesion,dataset\ISIC2018_Task3_Training_Input\ISIC_0029600.jpg,dataset\ISIC2018_Task3_Training_Input\ISIC_0025275.jpg,ISIC_0029600,ISIC_0025275,-0.0735872983932495,0.05854332447052,0.10986666976045992,1.5784521102905273,42,100,5.0,0.3,32,0.0
experiments\sd_lora_ici_outputs\BKL\BKL_near_VASC_0003.png,BKL,VASC,a dermoscopic image of benign keratosis-like lesion,a dermoscopic image of benign keratosis-like lesion,dataset\ISIC2018_Task3_Training_Input\ISIC_0025275.jpg,dataset\ISIC2018_Task3_Training_Input\ISIC_0029600.jpg,ISIC_0025275,ISIC_0029600,0.05854332447052,-0.0735872983932495,3.4911384548938975,1.5784521102905273,42,100,5.0,0.3,32,0.0
experiments\sd_lora_ici_outputs\BKL\BKL_near_VASC_0004.png,BKL,VASC,a dermoscopic image of benign keratosis-like lesion,a dermoscopic image of benign keratosis-like lesion,dataset\ISIC2018_Task3_Training_Input\ISIC_0025275.jpg,dataset\ISIC2018_Task3_Training_Input\ISIC_0029600.jpg,ISIC_0025275,ISIC_0029600,0.05854332447052,-0.0735872983932495,1.0397930182809985,1.5784521102905273,42,100,5.0,0.3,32,0.0
experiments\sd_lora_ici_outputs\DF\DF_near_AKIEC_0000.png,DF,AKIEC,a dermoscopic image of dermatofibroma,a dermoscopic image of dermatofibroma,dataset\ISIC2018_Task3_Training_Input\ISIC_0031309.jpg,dataset\ISIC2018_Task3_Training_Input\ISIC_0025223.jpg,ISIC_0031309,ISIC_0025223,0.0534979104995727,0.2295323014259338,2.340902689561665,1.558353066444397,42,100,5.0,0.3,32,0.0
experiments\sd_lora_ici_outputs\DF\DF_near_AKIEC_0001.png,DF,AKIEC,a dermoscopic image of dermatofibroma,a dermoscopic image of dermatofibroma,dataset\ISIC2018_Task3_Training_Input\ISIC_0031344.jpg,dataset\ISIC2018_Task3_Training_Input\ISIC_0026789.jpg,ISIC_0031344,ISIC_0026789,-0.1814026832580566,0.1245021224021911,3.985498771985243,1.5505789518356323,42,100,5.0,0.3,32,0.0
experiments\sd_lora_ici_outputs\DF\DF_near_AKIEC_0002.png,DF,AKIEC,a dermoscopic image of dermatofibroma,a dermoscopic image of dermatofibroma,dataset\ISIC2018_Task3_Training_Input\ISIC_0030579.jpg,dataset\ISIC2018_Task3_Training_Input\ISIC_0025154.jpg,ISIC_0030579,ISIC_0025154,0.2447392344474792,0.0638964772224426,0.1534018121969804,1.5669766664505005,42,100,5.0,0.3,32,0.0
experiments\sd_lora_ici_outputs\DF\DF_near_AKIEC_0003.png,DF,AKIEC,a dermoscopic image of dermatofibroma,a dermoscopic image of dermatofibroma,dataset\ISIC2018_Task3_Training_Input\ISIC_0030579.jpg,dataset\ISIC2018_Task3_Training_Input\ISIC_0027876.jpg,ISIC_0030579,ISIC_0027876,0.2447392344474792,-0.0174922943115234,2.3595795838359184,1.5885744094848633,42,100,5.0,0.3,32,0.0
experiments\sd_lora_ici_outputs\DF\DF_near_AKIEC_0004.png,DF,AKIEC,a dermoscopic image of dermatofibroma,a dermoscopic image of dermatofibroma,dataset\ISIC2018_Task3_Training_Input\ISIC_0032138.jpg,dataset\ISIC2018_Task3_Training_Input\ISIC_0030579.jpg,ISIC_0032138,ISIC_0030579,0.1513515710830688,0.2447392344474792,1.3860898234514711,1.567009687423706,42,100,5.0,0.3,32,0.0
experiments\sd_lora_ici_outputs\DF\DF_near_BCC_0000.png,DF,BCC,a dermoscopic image of dermatofibroma,a dermoscopic image of dermatofibroma,dataset\ISIC2018_Task3_Training_Input\ISIC_0034169.jpg,dataset\ISIC2018_Task3_Training_Input\ISIC_0030321.jpg,ISIC_0034169,ISIC_0030321,0.0517125725746154,-0.0396928787231445,3.144212914750634,1.5715456008911133,42,100,5.0,0.3,32,0.0
experiments\sd_lora_ici_outputs\DF\DF_near_BCC_0001.png,DF,BCC,a dermoscopic image of dermatofibroma,a dermoscopic image of dermatofibroma,dataset\ISIC2018_Task3_Training_Input\ISIC_0024553.jpg,dataset\ISIC2018_Task3_Training_Input\ISIC_0030244.jpg,ISIC_0024553,ISIC_0030244,0.1382765769958496,0.2300577163696289,1.7563298255492474,1.5611780881881714,42,100,5.0,0.3,32,0.0
experiments\sd_lora_ici_outputs\DF\DF_near_BCC_0002.png,DF,BCC,a dermoscopic image of dermatofibroma,a dermoscopic image of dermatofibroma,dataset\ISIC2018_Task3_Training_Input\ISIC_0029967.jpg,dataset\ISIC2018_Task3_Training_Input\ISIC_0027188.jpg,ISIC_0029967,ISIC_0027188,0.0037094950675964,0.0844786167144775,3.948805471723602,1.566077709197998,42,100,5.0,0.3,32,0.0
experiments\sd_lora_ici_outputs\DF\DF_near_BCC_0003.png,DF,BCC,a dermoscopic image of dermatofibroma,a dermoscopic image of dermatofibroma,dataset\ISIC2018_Task3_Training_Input\ISIC_0025504.jpg,dataset\ISIC2018_Task3_Training_Input\ISIC_0027188.jpg,ISIC_0025504,ISIC_0027188,-0.0997960567474365,0.0844786167144775,0.45861824298473386,1.584376335144043,42,100,5.0,0.3,32,0.0
experiments\sd_lora_ici_outputs\DF\DF_near_BCC_0004.png,DF,BCC,a dermoscopic image of dermatofibroma,a dermoscopic image of dermatofibroma,dataset\ISIC2018_Task3_Training_Input\ISIC_0024553.jpg,dataset\ISIC2018_Task3_Training_Input\ISIC_0034169.jpg,ISIC_0024553,ISIC_0034169,0.1382765769958496,0.0517125725746154,3.702266639212039,1.5265661478042603,42,100,5.0,0.3,32,0.0
experiments\sd_lora_ici_outputs\DF\DF_near_BKL_0000.png,DF,BKL,a dermoscopic image of dermatofibroma,a dermoscopic image of dermatofibroma,dataset\ISIC2018_Task3_Training_Input\ISIC_0027044.jpg,dataset\ISIC2018_Task3_Training_Input\ISIC_0030870.jpg,ISIC_0027044,ISIC_0030870,-0.0312603712081909,0.0764012336730957,0.771972767599566,1.5470755100250244,42,100,5.0,0.3,32,0.0
experiments\sd_lora_ici_outputs\DF\DF_near_BKL_0001.png,DF,BKL,a dermoscopic image of dermatofibroma,a dermoscopic image of dermatofibroma,dataset\ISIC2018_Task3_Training_Input\ISIC_0031372.jpg,dataset\ISIC2018_Task3_Training_Input\ISIC_0025373.jpg,ISIC_0031372,ISIC_0025373,0.225854218006134,0.1886264681816101,0.17900736461712238,1.5579739809036255,42,100,5.0,0.3,32,0.0
experiments\sd_lora_ici_outputs\DF\DF_near_BKL_0002.png,DF,BKL,a dermoscopic image of dermatofibroma,a dermoscopic image of dermatofibroma,dataset\ISIC2018_Task3_Training_Input\ISIC_0030555.jpg,dataset\ISIC2018_Task3_Training_Input\ISIC_0024994.jpg,ISIC_0030555,ISIC_0024994,0.1321872472763061,0.0242255926132202,1.7343833484510789,1.579714298248291,42,100,5.0,0.3,32,0.0
experiments\sd_lora_ici_outputs\DF\DF_near_BKL_0003.png,DF,BKL,a dermoscopic image of dermatofibroma,a dermoscopic image of dermatofibroma,dataset\ISIC2018_Task3_Training_Input\ISIC_0030555.jpg,dataset\ISIC2018_Task3_Training_Input\ISIC_0025911.jpg,ISIC_0030555,ISIC_0025911,0.1321872472763061,0.3248924016952514,2.097245503575835,1.5576411485671997,42,100,5.0,0.3,32,0.0
experiments\sd_lora_ici_outputs\DF\DF_near_BKL_0004.png,DF,BKL,a dermoscopic image of dermatofibroma,a dermoscopic image of dermatofibroma,dataset\ISIC2018_Task3_Training_Input\ISIC_0030442.jpg,dataset\ISIC2018_Task3_Training_Input\ISIC_0029052.jpg,ISIC_0030442,ISIC_0029052,0.0440830588340759,0.2698710560798645,3.206189378358329,1.5805233716964722,42,100,5.0,0.3,32,0.0
experiments\sd_lora_ici_outputs\DF\DF_near_MEL_0000.png,DF,MEL,a dermoscopic image of dermatofibroma,a dermoscopic image of dermatofibroma,dataset\ISIC2018_Task3_Training_Input\ISIC_0024973.jpg,dataset\ISIC2018_Task3_Training_Input\ISIC_0033780.jpg,ISIC_0024973,ISIC_0033780,0.002565860748291,0.3444690704345703,2.771621099184848,1.557085394859314,42,100,5.0,0.3,32,0.0
experiments\sd_lora_ici_outputs\DF\DF_near_MEL_0001.png,DF,MEL,a dermoscopic image of dermatofibroma,a dermoscopic image of dermatofibroma,dataset\ISIC2018_Task3_Training_Input\ISIC_0025622.jpg,dataset\ISIC2018_Task3_Training_Input\ISIC_0033780.jpg,ISIC_0025622,ISIC_0033780,0.2044851183891296,0.3444690704345703,3.834633850723763,1.5406548976898193,42,100,5.0,0.3,32,0.0
experiments\sd_lora_ici_outputs\DF\DF_near_MEL_0002.png,DF,MEL,a dermoscopic image of dermatofibroma,a dermoscopic image of dermatofibroma,dataset\ISIC2018_Task3_Training_Input\ISIC_0030830.jpg,dataset\ISIC2018_Task3_Training_Input\ISIC_0034135.jpg,ISIC_0030830,ISIC_0034135,0.0544657111167907,0.295971155166626,2.963688651120569,1.56256103515625,42,100,5.0,0.3,32,0.0
experiments\sd_lora_ici_outputs\DF\DF_near_MEL_0003.png,DF,MEL,a dermoscopic image of dermatofibroma,a dermoscopic image of dermatofibroma,dataset\ISIC2018_Task3_Training_Input\ISIC_0033847.jpg,dataset\ISIC2018_Task3_Training_Input\ISIC_0025622.jpg,ISIC_0033847,ISIC_0025622,0.1977041363716125,0.2044851183891296,0.7953805195076722,1.5564980506896973,42,100,5.0,0.3,32,0.0
experiments\sd_lora_ici_outputs\DF\DF_near_MEL_0004.png,DF,MEL,a dermoscopic image of dermatofibroma,a dermoscopic image of dermatofibroma,dataset\ISIC2018_Task3_Training_Input\ISIC_0033860.jpg,dataset\ISIC2018_Task3_Training_Input\ISIC_0033790.jpg,ISIC_0033860,ISIC_0033790,0.1292846798896789,0.1562952399253845,1.7221731846059694,1.573547601699829,42,100,5.0,0.3,32,0.0
experiments\sd_lora_ici_outputs\DF\DF_near_NV_0000.png,DF,NV,a dermoscopic image of dermatofibroma,a dermoscopic image of dermatofibroma,dataset\ISIC2018_Task3_Training_Input\ISIC_0027118.jpg,dataset\ISIC2018_Task3_Training_Input\ISIC_0028651.jpg,ISIC_0027118,ISIC_0028651,0.0674061179161071,-0.0825185179710388,3.8225450059290456,1.5596818923950195,42,100,5.0,0.3,32,0.0
experiments\sd_lora_ici_outputs\DF\DF_near_NV_0001.png,DF,NV,a dermoscopic image of dermatofibroma,a dermoscopic image of dermatofibroma,dataset\ISIC2018_Task3_Training_Input\ISIC_0025980.jpg,dataset\ISIC2018_Task3_Training_Input\ISIC_0027598.jpg,ISIC_0025980,ISIC_0027598,0.0168269872665405,0.0295021533966064,3.7037871315202313,1.5620157718658447,42,100,5.0,0.3,32,0.0
experiments\sd_lora_ici_outputs\DF\DF_near_NV_0002.png,DF,NV,a dermoscopic image of dermatofibroma,a dermoscopic image of dermatofibroma,dataset\ISIC2018_Task3_Training_Input\ISIC_0029177.jpg,dataset\ISIC2018_Task3_Training_Input\ISIC_0025980.jpg,ISIC_0029177,ISIC_0025980,0.0216697454452514,0.0168269872665405,2.514214538720053,1.5573058128356934,42,100,5.0,0.3,32,0.0
experiments\sd_lora_ici_outputs\DF\DF_near_NV_0003.png,DF,NV,a dermoscopic image of dermatofibroma,a dermoscopic image of dermatofibroma,dataset\ISIC2018_Task3_Training_Input\ISIC_0027598.jpg,dataset\ISIC2018_Task3_Training_Input\ISIC_0025980.jpg,ISIC_0027598,ISIC_0025980,0.0295021533966064,0.0168269872665405,2.668466297788831,1.5620157718658447,42,100,5.0,0.3,32,0.0
experiments\sd_lora_ici_outputs\DF\DF_near_NV_0004.png,DF,NV,a dermoscopic image of dermatofibroma,a dermoscopic image of dermatofibroma,dataset\ISIC2018_Task3_Training_Input\ISIC_0027141.jpg,dataset\ISIC2018_Task3_Training_Input\ISIC_0027216.jpg,ISIC_0027141,ISIC_0027216,0.1884759068489074,-0.0940439701080322,0.511254883993601,1.531611680984497,42,100,5.0,0.3,32,0.0
experiments\sd_lora_ici_outputs\MEL\MEL_near_AKIEC_0000.png,MEL,AKIEC,a dermoscopic image of melanoma,a dermoscopic image of melanoma,dataset\ISIC2018_Task3_Training_Input\ISIC_0026868.jpg,dataset\ISIC2018_Task3_Training_Input\ISIC_0030486.jpg,ISIC_0026868,ISIC_0030486,-0.0460506081581115,-0.0468808412551879,3.5804508425068162,1.579455018043518,42,100,5.0,0.3,32,0.0
experiments\sd_lora_ici_outputs\MEL\MEL_near_AKIEC_0001.png,MEL,AKIEC,a dermoscopic image of melanoma,a dermoscopic image of melanoma,dataset\ISIC2018_Task3_Training_Input\ISIC_0026823.jpg,dataset\ISIC2018_Task3_Training_Input\ISIC_0032070.jpg,ISIC_0026823,ISIC_0032070,-0.1212754249572753,-0.0352314710617065,1.9975826592280441,1.5951002836227417,42,100,5.0,0.3,32,0.0
experiments\sd_lora_ici_outputs\MEL\MEL_near_AKIEC_0002.png,MEL,AKIEC,a dermoscopic image of melanoma,a dermoscopic image of melanoma,dataset\ISIC2018_Task3_Training_Input\ISIC_0033424.jpg,dataset\ISIC2018_Task3_Training_Input\ISIC_0027663.jpg,ISIC_0033424,ISIC_0027663,-0.1554678082466125,0.0028826594352722,2.6800510481833975,1.5634820461273193,42,100,5.0,0.3,32,0.0
experiments\sd_lora_ici_outputs\MEL\MEL_near_AKIEC_0003.png,MEL,AKIEC,a dermoscopic image of melanoma,a dermoscopic image of melanoma,dataset\ISIC2018_Task3_Training_Input\ISIC_0029238.jpg,dataset\ISIC2018_Task3_Training_Input\ISIC_0030486.jpg,ISIC_0029238,ISIC_0030486,-0.0050989985466003,-0.0468808412551879,1.3284253457698951,1.5427796840667725,42,100,5.0,0.3,32,0.0
experiments\sd_lora_ici_outputs\MEL\MEL_near_AKIEC_0004.png,MEL,AKIEC,a dermoscopic image of melanoma,a dermoscopic image of melanoma,dataset\ISIC2018_Task3_Training_Input\ISIC_0027663.jpg,dataset\ISIC2018_Task3_Training_Input\ISIC_0030486.jpg,ISIC_0027663,ISIC_0030486,0.0028826594352722,-0.0468808412551879,2.8065277371026407,1.5608930587768555,42,100,5.0,0.3,32,0.0
experiments\sd_lora_ici_outputs\MEL\MEL_near_BCC_0000.png,MEL,BCC,a dermoscopic image of melanoma,a dermoscopic image of melanoma,dataset\ISIC2018_Task3_Training_Input\ISIC_0033024.jpg,dataset\ISIC2018_Task3_Training_Input\ISIC_0032079.jpg,ISIC_0033024,ISIC_0032079,-0.097657024860382,-0.0077688097953796,2.232171470867082,1.560577392578125,42,100,5.0,0.3,32,0.0
experiments\sd_lora_ici_outputs\MEL\MEL_near_BCC_0001.png,MEL,BCC,a dermoscopic image of melanoma,a dermoscopic image of melanoma,dataset\ISIC2018_Task3_Training_Input\ISIC_0034064.jpg,dataset\ISIC2018_Task3_Training_Input\ISIC_0024987.jpg,ISIC_0034064,ISIC_0024987,-0.0205864906311035,0.0522927045822143,0.7703193184212385,1.5647625923156738,42,100,5.0,0.3,32,0.0
experiments\sd_lora_ici_outputs\MEL\MEL_near_BCC_0002.png,MEL,BCC,a dermoscopic image of melanoma,a dermoscopic image of melanoma,dataset\ISIC2018_Task3_Training_Input\ISIC_0032079.jpg,dataset\ISIC2018_Task3_Training_Input\ISIC_0024733.jpg,ISIC_0032079,ISIC_0024733,-0.0077688097953796,-0.0371960997581481,2.658993425464044,1.5712242126464844,42,100,5.0,0.3,32,0.0
experiments\sd_lora_ici_outputs\MEL\MEL_near_BCC_0003.png,MEL,BCC,a dermoscopic image of melanoma,a dermoscopic image of melanoma,dataset\ISIC2018_Task3_Training_Input\ISIC_0032984.jpg,dataset\ISIC2018_Task3_Training_Input\ISIC_0032079.jpg,ISIC_0032984,ISIC_0032079,0.0932915806770324,-0.0077688097953796,1.51649843269752,1.570881962776184,42,100,5.0,0.3,32,0.0
experiments\sd_lora_ici_outputs\MEL\MEL_near_BCC_0004.png,MEL,BCC,a dermoscopic image of melanoma,a dermoscopic image of melanoma,dataset\ISIC2018_Task3_Training_Input\ISIC_0031295.jpg,dataset\ISIC2018_Task3_Training_Input\ISIC_0027261.jpg,ISIC_0031295,ISIC_0027261,0.1374054551124572,0.062594473361969,3.0348103584535755,1.5489165782928467,42,100,5.0,0.3,32,0.0
experiments\sd_lora_ici_outputs\MEL\MEL_near_BKL_0000.png,MEL,BKL,a dermoscopic image of melanoma,a dermoscopic image of melanoma,dataset\ISIC2018_Task3_Training_Input\ISIC_0034005.jpg,dataset\ISIC2018_Task3_Training_Input\ISIC_0031543.jpg,ISIC_0034005,ISIC_0031543,-0.0362053513526916,0.0007849335670471,0.687393761915812,1.5907127857208252,42,100,5.0,0.3,32,0.0
experiments\sd_lora_ici_outputs\MEL\MEL_near_BKL_0001.png,MEL,BKL,a dermoscopic image of melanoma,a dermoscopic image of melanoma,dataset\ISIC2018_Task3_Training_Input\ISIC_0026811.jpg,dataset\ISIC2018_Task3_Training_Input\ISIC_0029958.jpg,ISIC_0026811,ISIC_0029958,-0.0128311514854431,-0.0449018478393554,2.2882732044208742,1.5626603364944458,42,100,5.0,0.3,32,0.0
experiments\sd_lora_ici_outputs\MEL\MEL_near_BKL_0002.png,MEL,BKL,a dermoscopic image of melanoma,a dermoscopic image of melanoma,dataset\ISIC2018_Task3_Training_Input\ISIC_0033881.jpg,dataset\ISIC2018_Task3_Training_Input\ISIC_0024481.jpg,ISIC_0033881,ISIC_0024481,-0.011491060256958,-0.0601882934570312,1.614064141205788,1.5807584524154663,42,100,5.0,0.3,32,0.0
experiments\sd_lora_ici_outputs\MEL\MEL_near_BKL_0003.png,MEL,BKL,a dermoscopic image of melanoma,a dermoscopic image of melanoma,dataset\ISIC2018_Task3_Training_Input\ISIC_0029163.jpg,dataset\ISIC2018_Task3_Training_Input\ISIC_0026697.jpg,ISIC_0029163,ISIC_0026697,0.0048025846481323,-0.0057879090309143,3.3071611100303064,1.5839717388153076,42,100,5.0,0.3,32,0.0
experiments\sd_lora_ici_outputs\MEL\MEL_near_BKL_0004.png,MEL,BKL,a dermoscopic image of melanoma,a dermoscopic image of melanoma,dataset\ISIC2018_Task3_Training_Input\ISIC_0026697.jpg,dataset\ISIC2018_Task3_Training_Input\ISIC_0029209.jpg,ISIC_0026697,ISIC_0029209,-0.0057879090309143,-0.0134258270263671,1.1863219298711916,1.6094304323196411,42,100,5.0,0.3,32,0.0
experiments\sd_lora_ici_outputs\MEL\MEL_near_DF_0000.png,MEL,DF,a dermoscopic image of melanoma,a dermoscopic image of melanoma,dataset\ISIC2018_Task3_Training_Input\ISIC_0032190.jpg,dataset\ISIC2018_Task3_Training_Input\ISIC_0031666.jpg,ISIC_0032190,ISIC_0031666,0.0041579604148864,0.037576138973236,0.8441846427126919,1.564369559288025,42,100,5.0,0.3,32,0.0
experiments\sd_lora_ici_outputs\MEL\MEL_near_DF_0001.png,MEL,DF,a dermoscopic image of melanoma,a dermoscopic image of melanoma,dataset\ISIC2018_Task3_Training_Input\ISIC_0026420.jpg,dataset\ISIC2018_Task3_Training_Input\ISIC_0025317.jpg,ISIC_0026420,ISIC_0025317,0.0257288217544555,-0.0078952312469482,3.2284398974174553,1.529242753982544,42,100,5.0,0.3,32,0.0
experiments\sd_lora_ici_outputs\MEL\MEL_near_DF_0002.png,MEL,DF,a dermoscopic image of melanoma,a dermoscopic image of melanoma,dataset\ISIC2018_Task3_Training_Input\ISIC_0030106.jpg,dataset\ISIC2018_Task3_Training_Input\ISIC_0028463.jpg,ISIC_0030106,ISIC_0028463,-0.0427762269973754,0.0826556682586669,2.378092982963515,1.6028671264648438,42,100,5.0,0.3,32,0.0
experiments\sd_lora_ici_outputs\MEL\MEL_near_DF_0003.png,MEL,DF,a dermoscopic image of melanoma,a dermoscopic image of melanoma,dataset\ISIC2018_Task3_Training_Input\ISIC_0033038.jpg,dataset\ISIC2018_Task3_Training_Input\ISIC_0033325.jpg,ISIC_0033038,ISIC_0033325,0.0294753313064575,0.0215111374855041,1.2959320023636471,1.5623903274536133,42,100,5.0,0.3,32,0.0
experiments\sd_lora_ici_outputs\MEL\MEL_near_DF_0004.png,MEL,DF,a dermoscopic image of melanoma,a dermoscopic image of melanoma,dataset\ISIC2018_Task3_Training_Input\ISIC_0033038.jpg,dataset\ISIC2018_Task3_Training_Input\ISIC_0026420.jpg,ISIC_0033038,ISIC_0026420,0.0294753313064575,0.0257288217544555,1.8050608866421887,1.5378004312515259,42,100,5.0,0.3,32,0.0
experiments\sd_lora_ici_outputs\MEL\MEL_near_NV_0000.png,MEL,NV,a dermoscopic image of melanoma,a dermoscopic image of melanoma,dataset\ISIC2018_Task3_Training_Input\ISIC_0028056.jpg,dataset\ISIC2018_Task3_Training_Input\ISIC_0034183.jpg,ISIC_0028056,ISIC_0034183,0.032538890838623,0.0565629005432128,2.6391482845548118,1.6085079908370972,42,100,5.0,0.3,32,0.0
experiments\sd_lora_ici_outputs\MEL\MEL_near_NV_0001.png,MEL,NV,a dermoscopic image of melanoma,a dermoscopic image of melanoma,dataset\ISIC2018_Task3_Training_Input\ISIC_0029013.jpg,dataset\ISIC2018_Task3_Training_Input\ISIC_0033804.jpg,ISIC_0029013,ISIC_0033804,-0.0581189393997192,0.0547875165939331,2.039301455574617,1.5749515295028687,42,100,5.0,0.3,32,0.0
experiments\sd_lora_ici_outputs\MEL\MEL_near_NV_0002.png,MEL,NV,a dermoscopic image of melanoma,a dermoscopic image of melanoma,dataset\ISIC2018_Task3_Training_Input\ISIC_0030795.jpg,dataset\ISIC2018_Task3_Training_Input\ISIC_0031957.jpg,ISIC_0030795,ISIC_0031957,0.0532900094985961,-0.0349246859550476,3.20096478249807,1.5580260753631592,42,100,5.0,0.3,32,0.0
experiments\sd_lora_ici_outputs\MEL\MEL_near_NV_0003.png,MEL,NV,a dermoscopic image of melanoma,a dermoscopic image of melanoma,dataset\ISIC2018_Task3_Training_Input\ISIC_0029013.jpg,dataset\ISIC2018_Task3_Training_Input\ISIC_0024898.jpg,ISIC_0029013,ISIC_0024898,-0.0581189393997192,0.0272578597068786,3.962784535993551,1.5218597650527954,42,100,5.0,0.3,32,0.0
experiments\sd_lora_ici_outputs\MEL\MEL_near_NV_0004.png,MEL,NV,a dermoscopic image of melanoma,a dermoscopic image of melanoma,dataset\ISIC2018_Task3_Training_Input\ISIC_0034183.jpg,dataset\ISIC2018_Task3_Training_Input\ISIC_0027838.jpg,ISIC_0034183,ISIC_0027838,0.0565629005432128,0.0222014188766479,2.9943451862264876,1.5443049669265747,42,100,5.0,0.3,32,0.0
experiments\sd_lora_ici_outputs\MEL\MEL_near_VASC_0000.png,MEL,VASC,a dermoscopic image of melanoma,a dermoscopic image of melanoma,dataset\ISIC2018_Task3_Training_Input\ISIC_0025963.jpg,dataset\ISIC2018_Task3_Training_Input\ISIC_0030211.jpg,ISIC_0025963,ISIC_0030211,-0.1076805591583252,0.0116366744041442,2.6123230294847004,1.58467435836792,42,100,5.0,0.3,32,0.0
experiments\sd_lora_ici_outputs\MEL\MEL_near_VASC_0001.png,MEL,VASC,a dermoscopic image of melanoma,a dermoscopic image of melanoma,dataset\ISIC2018_Task3_Training_Input\ISIC_0029744.jpg,dataset\ISIC2018_Task3_Training_Input\ISIC_0030060.jpg,ISIC_0029744,ISIC_0030060,-0.0072294473648071,0.1689569950103759,1.1368605256404114,1.5684268474578857,42,100,5.0,0.3,32,0.0
experiments\sd_lora_ici_outputs\MEL\MEL_near_VASC_0002.png,MEL,VASC,a dermoscopic image of melanoma,a dermoscopic image of melanoma,dataset\ISIC2018_Task3_Training_Input\ISIC_0033962.jpg,dataset\ISIC2018_Task3_Training_Input\ISIC_0028965.jpg,ISIC_0033962,ISIC_0028965,0.1178774833679199,0.0909987688064575,2.6591371525960446,1.5685977935791016,42,100,5.0,0.3,32,0.0
experiments\sd_lora_ici_outputs\MEL\MEL_near_VASC_0003.png,MEL,VASC,a dermoscopic image of melanoma,a dermoscopic image of melanoma,dataset\ISIC2018_Task3_Training_Input\ISIC_0032592.jpg,dataset\ISIC2018_Task3_Training_Input\ISIC_0033114.jpg,ISIC_0032592,ISIC_0033114,-0.0553236603736877,0.0906982421875,2.4912708616209556,1.5618255138397217,42,100,5.0,0.3,32,0.0
experiments\sd_lora_ici_outputs\MEL\MEL_near_VASC_0004.png,MEL,VASC,a dermoscopic image of melanoma,a dermoscopic image of melanoma,dataset\ISIC2018_Task3_Training_Input\ISIC_0026506.jpg,dataset\ISIC2018_Task3_Training_Input\ISIC_0030187.jpg,ISIC_0026506,ISIC_0030187,-0.0133970975875854,0.0554150938987731,0.37435922759921275,1.567395806312561,42,100,5.0,0.3,32,0.0
experiments\sd_lora_ici_outputs\NV\NV_near_AKIEC_0000.png,NV,AKIEC,a dermoscopic image of melanocytic nevus,a dermoscopic image of melanocytic nevus,dataset\ISIC2018_Task3_Training_Input\ISIC_0026330.jpg,dataset\ISIC2018_Task3_Training_Input\ISIC_0030810.jpg,ISIC_0026330,ISIC_0030810,0.1595408916473388,-0.118683636188507,3.9134470453094066,1.5284709930419922,42,100,5.0,0.3,32,0.0
experiments\sd_lora_ici_outputs\NV\NV_near_AKIEC_0001.png,NV,AKIEC,a dermoscopic image of melanocytic nevus,a dermoscopic image of melanocytic nevus,dataset\ISIC2018_Task3_Training_Input\ISIC_0030810.jpg,dataset\ISIC2018_Task3_Training_Input\ISIC_0027639.jpg,ISIC_0030810,ISIC_0027639,-0.118683636188507,-0.0991156101226806,0.9571523616483845,1.5417847633361816,42,100,5.0,0.3,32,0.0
experiments\sd_lora_ici_outputs\NV\NV_near_AKIEC_0002.png,NV,AKIEC,a dermoscopic image of melanocytic nevus,a dermoscopic image of melanocytic nevus,dataset\ISIC2018_Task3_Training_Input\ISIC_0030810.jpg,dataset\ISIC2018_Task3_Training_Input\ISIC_0031462.jpg,ISIC_0030810,ISIC_0031462,-0.118683636188507,-0.1701275706291198,1.2791696180395173,1.5247571468353271,42,100,5.0,0.3,32,0.0
experiments\sd_lora_ici_outputs\NV\NV_near_AKIEC_0003.png,NV,AKIEC,a dermoscopic image of melanocytic nevus,a dermoscopic image of melanocytic nevus,dataset\ISIC2018_Task3_Training_Input\ISIC_0031462.jpg,dataset\ISIC2018_Task3_Training_Input\ISIC_0026330.jpg,ISIC_0031462,ISIC_0026330,-0.1701275706291198,0.1595408916473388,3.241601424720851,1.563358187675476,42,100,5.0,0.3,32,0.0
experiments\sd_lora_ici_outputs\NV\NV_near_AKIEC_0004.png,NV,AKIEC,a dermoscopic image of melanocytic nevus,a dermoscopic image of melanocytic nevus,dataset\ISIC2018_Task3_Training_Input\ISIC_0027639.jpg,dataset\ISIC2018_Task3_Training_Input\ISIC_0030810.jpg,ISIC_0027639,ISIC_0030810,-0.0991156101226806,-0.118683636188507,0.6005068103889771,1.5417847633361816,42,100,5.0,0.3,32,0.0
experiments\sd_lora_ici_outputs\NV\NV_near_BCC_0000.png,NV,BCC,a dermoscopic image of melanocytic nevus,a dermoscopic image of melanocytic nevus,dataset\ISIC2018_Task3_Training_Input\ISIC_0024872.jpg,dataset\ISIC2018_Task3_Training_Input\ISIC_0033311.jpg,ISIC_0024872,ISIC_0033311,-0.0638478398323059,-0.0510965585708618,0.18663011162908666,1.5558547973632812,42,100,5.0,0.3,32,0.0
experiments\sd_lora_ici_outputs\NV\NV_near_BCC_0001.png,NV,BCC,a dermoscopic image of melanocytic nevus,a dermoscopic image of melanocytic nevus,dataset\ISIC2018_Task3_Training_Input\ISIC_0026251.jpg,dataset\ISIC2018_Task3_Training_Input\ISIC_0028621.jpg,ISIC_0026251,ISIC_0028621,-0.0535776019096374,-0.1067599654197692,3.890628289858324,1.589011311531067,42,100,5.0,0.3,32,0.0
experiments\sd_lora_ici_outputs\NV\NV_near_BCC_0002.png,NV,BCC,a dermoscopic image of melanocytic nevus,a dermoscopic image of melanocytic nevus,dataset\ISIC2018_Task3_Training_Input\ISIC_0026722.jpg,dataset\ISIC2018_Task3_Training_Input\ISIC_0026429.jpg,ISIC_0026722,ISIC_0026429,-0.0641891360282898,-0.1875087022781372,2.483498963840408,1.546506643295288,42,100,5.0,0.3,32,0.0
experiments\sd_lora_ici_outputs\NV\NV_near_BCC_0003.png,NV,BCC,a dermoscopic image of melanocytic nevus,a dermoscopic image of melanocytic nevus,dataset\ISIC2018_Task3_Training_Input\ISIC_0032519.jpg,dataset\ISIC2018_Task3_Training_Input\ISIC_0031806.jpg,ISIC_0032519,ISIC_0031806,-0.1220490932464599,-0.0675240159034729,3.06563825002261,1.575058937072754,42,100,5.0,0.3,32,0.0
experiments\sd_lora_ici_outputs\NV\NV_near_BCC_0004.png,NV,BCC,a dermoscopic image of melanocytic nevus,a dermoscopic image of melanocytic nevus,dataset\ISIC2018_Task3_Training_Input\ISIC_0026569.jpg,dataset\ISIC2018_Task3_Training_Input\ISIC_0031806.jpg,ISIC_0026569,ISIC_0031806,-0.3023719191551208,-0.0675240159034729,1.8273693991109108,1.5658925771713257,42,100,5.0,0.3,32,0.0
experiments\sd_lora_ici_outputs\NV\NV_near_BKL_0000.png,NV,BKL,a dermoscopic image of melanocytic nevus,a dermoscopic image of melanocytic nevus,dataset\ISIC2018_Task3_Training_Input\ISIC_0025946.jpg,dataset\ISIC2018_Task3_Training_Input\ISIC_0032470.jpg,ISIC_0025946,ISIC_0032470,-0.1196184754371643,-0.1015515327453613,3.546026843389853,1.570141077041626,42,100,5.0,0.3,32,0.0
experiments\sd_lora_ici_outputs\NV\NV_near_BKL_0001.png,NV,BKL,a dermoscopic image of melanocytic nevus,a dermoscopic image of melanocytic nevus,dataset\ISIC2018_Task3_Training_Input\ISIC_0027471.jpg,dataset\ISIC2018_Task3_Training_Input\ISIC_0026326.jpg,ISIC_0027471,ISIC_0026326,-0.1173739433288574,-0.1031429767608642,2.3070117208575667,1.5678493976593018,42,100,5.0,0.3,32,0.0
experiments\sd_lora_ici_outputs\NV\NV_near_BKL_0002.png,NV,BKL,a dermoscopic image of melanocytic nevus,a dermoscopic image of melanocytic nevus,dataset\ISIC2018_Task3_Training_Input\ISIC_0031705.jpg,dataset\ISIC2018_Task3_Training_Input\ISIC_0031385.jpg,ISIC_0031705,ISIC_0031385,-0.0786146521568298,-0.0768036842346191,2.851108369858078,1.5830687284469604,42,100,5.0,0.3,32,0.0
experiments\sd_lora_ici_outputs\NV\NV_near_BKL_0003.png,NV,BKL,a dermoscopic image of melanocytic nevus,a dermoscopic image of melanocytic nevus,dataset\ISIC2018_Task3_Training_Input\ISIC_0027073.jpg,dataset\ISIC2018_Task3_Training_Input\ISIC_0030732.jpg,ISIC_0027073,ISIC_0030732,-0.0923879742622375,-0.0798514485359191,1.5517489308895331,1.5547668933868408,42,100,5.0,0.3,32,0.0
experiments\sd_lora_ici_outputs\NV\NV_near_BKL_0004.png,NV,BKL,a dermoscopic image of melanocytic nevus,a dermoscopic image of melanocytic nevus,dataset\ISIC2018_Task3_Training_Input\ISIC_0030303.jpg,dataset\ISIC2018_Task3_Training_Input\ISIC_0028281.jpg,ISIC_0030303,ISIC_0028281,-0.0769053697586059,-0.0975708961486816,1.6324873157068518,1.5382006168365479,42,100,5.0,0.3,32,0.0
experiments\sd_lora_ici_outputs\NV\NV_near_DF_0000.png,NV,DF,a dermoscopic image of melanocytic nevus,a dermoscopic image of melanocytic nevus,dataset\ISIC2018_Task3_Training_Input\ISIC_0030312.jpg,dataset\ISIC2018_Task3_Training_Input\ISIC_0026215.jpg,ISIC_0030312,ISIC_0026215,-0.125792384147644,-0.1203581094741821,0.6014867860162663,1.5415436029434204,42,100,5.0,0.3,32,0.0
experiments\sd_lora_ici_outputs\NV\NV_near_DF_0001.png,NV,DF,a dermoscopic image of melanocytic nevus,a dermoscopic image of melanocytic nevus,dataset\ISIC2018_Task3_Training_Input\ISIC_0026029.jpg,dataset\ISIC2018_Task3_Training_Input\ISIC_0025836.jpg,ISIC_0026029,ISIC_0025836,-0.1035624146461486,-0.1201375126838684,2.7045951032724216,1.5974513292312622,42,100,5.0,0.3,32,0.0
experiments\sd_lora_ici_outputs\NV\NV_near_DF_0002.png,NV,DF,a dermoscopic image of melanocytic nevus,a dermoscopic image of melanocytic nevus,dataset\ISIC2018_Task3_Training_Input\ISIC_0028400.jpg,dataset\ISIC2018_Task3_Training_Input\ISIC_0031454.jpg,ISIC_0028400,ISIC_0031454,-0.1817900538444519,-0.0821104049682617,3.5718468267306602,1.570265293121338,42,100,5.0,0.3,32,0.0
experiments\sd_lora_ici_outputs\NV\NV_near_DF_0003.png,NV,DF,a dermoscopic image of melanocytic nevus,a dermoscopic image of melanocytic nevus,dataset\ISIC2018_Task3_Training_Input\ISIC_0033972.jpg,dataset\ISIC2018_Task3_Training_Input\ISIC_0025869.jpg,ISIC_0033972,ISIC_0025869,-0.0621206760406494,-0.0833055973052978,3.4384400545560987,1.5723140239715576,42,100,5.0,0.3,32,0.0
experiments\sd_lora_ici_outputs\NV\NV_near_DF_0004.png,NV,DF,a dermoscopic image of melanocytic nevus,a dermoscopic image of melanocytic nevus,dataset\ISIC2018_Task3_Training_Input\ISIC_0028400.jpg,dataset\ISIC2018_Task3_Training_Input\ISIC_0033972.jpg,ISIC_0028400,ISIC_0033972,-0.1817900538444519,-0.0621206760406494,3.558620555778134,1.5633984804153442,42,100,5.0,0.3,32,0.0
experiments\sd_lora_ici_outputs\NV\NV_near_MEL_0000.png,NV,MEL,a dermoscopic image of melanocytic nevus,a dermoscopic image of melanocytic nevus,dataset\ISIC2018_Task3_Training_Input\ISIC_0033933.jpg,dataset\ISIC2018_Task3_Training_Input\ISIC_0031602.jpg,ISIC_0033933,ISIC_0031602,-0.1350054144859314,-0.1704136729240417,3.1647755555486006,1.5454365015029907,42,100,5.0,0.3,32,0.0
experiments\sd_lora_ici_outputs\NV\NV_near_MEL_0001.png,NV,MEL,a dermoscopic image of melanocytic nevus,a dermoscopic image of melanocytic nevus,dataset\ISIC2018_Task3_Training_Input\ISIC_0031602.jpg,dataset\ISIC2018_Task3_Training_Input\ISIC_0029479.jpg,ISIC_0031602,ISIC_0029479,-0.1704136729240417,-0.122494637966156,0.8913938975617461,1.542549729347229,42,100,5.0,0.3,32,0.0
experiments\sd_lora_ici_outputs\NV\NV_near_MEL_0002.png,NV,MEL,a dermoscopic image of melanocytic nevus,a dermoscopic image of melanocytic nevus,dataset\ISIC2018_Task3_Training_Input\ISIC_0025295.jpg,dataset\ISIC2018_Task3_Training_Input\ISIC_0026123.jpg,ISIC_0025295,ISIC_0026123,-0.1268052458763122,-0.1244617104530334,3.208801115438803,1.5745354890823364,42,100,5.0,0.3,32,0.0
experiments\sd_lora_ici_outputs\NV\NV_near_MEL_0003.png,NV,MEL,a dermoscopic image of melanocytic nevus,a dermoscopic image of melanocytic nevus,dataset\ISIC2018_Task3_Training_Input\ISIC_0030416.jpg,dataset\ISIC2018_Task3_Training_Input\ISIC_0033861.jpg,ISIC_0030416,ISIC_0033861,-0.1240725517272949,-0.1571025252342224,2.784082912849188,1.5705504417419434,42,100,5.0,0.3,32,0.0
experiments\sd_lora_ici_outputs\NV\NV_near_MEL_0004.png,NV,MEL,a dermoscopic image of melanocytic nevus,a dermoscopic image of melanocytic nevus,dataset\ISIC2018_Task3_Training_Input\ISIC_0031602.jpg,dataset\ISIC2018_Task3_Training_Input\ISIC_0026123.jpg,ISIC_0031602,ISIC_0026123,-0.1704136729240417,-0.1244617104530334,1.8969187089759023,1.5387338399887085,42,100,5.0,0.3,32,0.0
experiments\sd_lora_ici_outputs\NV\NV_near_VASC_0000.png,NV,VASC,a dermoscopic image of melanocytic nevus,a dermoscopic image of melanocytic nevus,dataset\ISIC2018_Task3_Training_Input\ISIC_0033250.jpg,dataset\ISIC2018_Task3_Training_Input\ISIC_0029985.jpg,ISIC_0033250,ISIC_0029985,-0.0575755834579467,-0.0221825838088989,2.2531347710702705,1.5544049739837646,42,100,5.0,0.3,32,0.0
experiments\sd_lora_ici_outputs\NV\NV_near_VASC_0001.png,NV,VASC,a dermoscopic image of melanocytic nevus,a dermoscopic image of melanocytic nevus,dataset\ISIC2018_Task3_Training_Input\ISIC_0030902.jpg,dataset\ISIC2018_Task3_Training_Input\ISIC_0031547.jpg,ISIC_0030902,ISIC_0031547,-0.0597200989723205,0.0851303935050964,3.6431419686907254,1.5823248624801636,42,100,5.0,0.3,32,0.0
experiments\sd_lora_ici_outputs\NV\NV_near_VASC_0002.png,NV,VASC,a dermoscopic image of melanocytic nevus,a dermoscopic image of melanocytic nevus,dataset\ISIC2018_Task3_Training_Input\ISIC_0030902.jpg,dataset\ISIC2018_Task3_Training_Input\ISIC_0028891.jpg,ISIC_0030902,ISIC_0028891,-0.0597200989723205,0.1036428809165954,0.5042176138465814,1.5122807025909424,42,100,5.0,0.3,32,0.0
experiments\sd_lora_ici_outputs\NV\NV_near_VASC_0003.png,NV,VASC,a dermoscopic image of melanocytic nevus,a dermoscopic image of melanocytic nevus,dataset\ISIC2018_Task3_Training_Input\ISIC_0026869.jpg,dataset\ISIC2018_Task3_Training_Input\ISIC_0025541.jpg,ISIC_0026869,ISIC_0025541,-0.011218249797821,0.0420296192169189,0.5292104925460531,1.5831022262573242,42,100,5.0,0.3,32,0.0
experiments\sd_lora_ici_outputs\NV\NV_near_VASC_0004.png,NV,VASC,a dermoscopic image of melanocytic nevus,a dermoscopic image of melanocytic nevus,dataset\ISIC2018_Task3_Training_Input\ISIC_0033215.jpg,dataset\ISIC2018_Task3_Training_Input\ISIC_0026979.jpg,ISIC_0033215,ISIC_0026979,-0.0418652892112731,0.0827471613883972,1.8802127326927023,1.552717685699463,42,100,5.0,0.3,32,0.0
experiments\sd_lora_ici_outputs\VASC\VASC_near_AKIEC_0000.png,VASC,AKIEC,a dermoscopic image of vascular lesion,a dermoscopic image of vascular lesion,dataset\ISIC2018_Task3_Training_Input\ISIC_0027903.jpg,dataset\ISIC2018_Task3_Training_Input\ISIC_0031093.jpg,ISIC_0027903,ISIC_0031093,0.2204908728599548,0.5418601036071777,2.120501735141721,1.573778510093689,42,100,5.0,0.3,32,0.0
experiments\sd_lora_ici_outputs\VASC\VASC_near_AKIEC_0001.png,VASC,AKIEC,a dermoscopic image of vascular lesion,a dermoscopic image of vascular lesion,dataset\ISIC2018_Task3_Training_Input\ISIC_0031093.jpg,dataset\ISIC2018_Task3_Training_Input\ISIC_0033762.jpg,ISIC_0031093,ISIC_0033762,0.5418601036071777,0.192361295223236,2.236417673783283,1.5702930688858032,42,100,5.0,0.3,32,0.0
experiments\sd_lora_ici_outputs\VASC\VASC_near_AKIEC_0002.png,VASC,AKIEC,a dermoscopic image of vascular lesion,a dermoscopic image of vascular lesion,dataset\ISIC2018_Task3_Training_Input\ISIC_0031093.jpg,dataset\ISIC2018_Task3_Training_Input\ISIC_0033762.jpg,ISIC_0031093,ISIC_0033762,0.5418601036071777,0.192361295223236,1.2695985888538297,1.5702930688858032,42,100,5.0,0.3,32,0.0
experiments\sd_lora_ici_outputs\VASC\VASC_near_AKIEC_0003.png,VASC,AKIEC,a dermoscopic image of vascular lesion,a dermoscopic image of vascular lesion,dataset\ISIC2018_Task3_Training_Input\ISIC_0032839.jpg,dataset\ISIC2018_Task3_Training_Input\ISIC_0031093.jpg,ISIC_0032839,ISIC_0031093,0.4715625643730163,0.5418601036071777,3.0145993661801587,1.5741314888000488,42,100,5.0,0.3,32,0.0
experiments\sd_lora_ici_outputs\VASC\VASC_near_AKIEC_0004.png,VASC,AKIEC,a dermoscopic image of vascular lesion,a dermoscopic image of vascular lesion,dataset\ISIC2018_Task3_Training_Input\ISIC_0031093.jpg,dataset\ISIC2018_Task3_Training_Input\ISIC_0030722.jpg,ISIC_0031093,ISIC_0030722,0.5418601036071777,0.5446544289588928,1.7807230102070262,1.5615965127944946,42,100,5.0,0.3,32,0.0
experiments\sd_lora_ici_outputs\VASC\VASC_near_BCC_0000.png,VASC,BCC,a dermoscopic image of vascular lesion,a dermoscopic image of vascular lesion,dataset\ISIC2018_Task3_Training_Input\ISIC_0030770.jpg,dataset\ISIC2018_Task3_Training_Input\ISIC_0027983.jpg,ISIC_0030770,ISIC_0027983,0.3381057381629944,0.3017446398735046,3.2574265326077483,1.572049856185913,42,100,5.0,0.3,32,0.0
experiments\sd_lora_ici_outputs\VASC\VASC_near_BCC_0001.png,VASC,BCC,a dermoscopic image of vascular lesion,a dermoscopic image of vascular lesion,dataset\ISIC2018_Task3_Training_Input\ISIC_0027563.jpg,dataset\ISIC2018_Task3_Training_Input\ISIC_0032932.jpg,ISIC_0027563,ISIC_0032932,0.2002769112586975,0.5378602743148804,3.6117589138700814,1.5518003702163696,42,100,5.0,0.3,32,0.0
experiments\sd_lora_ici_outputs\VASC\VASC_near_BCC_0002.png,VASC,BCC,a dermoscopic image of vascular lesion,a dermoscopic image of vascular lesion,dataset\ISIC2018_Task3_Training_Input\ISIC_0032715.jpg,dataset\ISIC2018_Task3_Training_Input\ISIC_0030770.jpg,ISIC_0032715,ISIC_0030770,0.5615023374557495,0.3381057381629944,1.718478543348414,1.5602704286575317,42,100,5.0,0.3,32,0.0
experiments\sd_lora_ici_outputs\VASC\VASC_near_BCC_0003.png,VASC,BCC,a dermoscopic image of vascular lesion,a dermoscopic image of vascular lesion,dataset\ISIC2018_Task3_Training_Input\ISIC_0026713.jpg,dataset\ISIC2018_Task3_Training_Input\ISIC_0027983.jpg,ISIC_0026713,ISIC_0027983,0.2713465094566345,0.3017446398735046,3.6196083991816095,1.574185848236084,42,100,5.0,0.3,32,0.0
experiments\sd_lora_ici_outputs\VASC\VASC_near_BCC_0004.png,VASC,BCC,a dermoscopic image of vascular lesion,a dermoscopic image of vascular lesion,dataset\ISIC2018_Task3_Training_Input\ISIC_0027856.jpg,dataset\ISIC2018_Task3_Training_Input\ISIC_0033230.jpg,ISIC_0027856,ISIC_0033230,0.3796529769897461,0.1908389925956726,1.7942476644322582,1.561522364616394,42,100,5.0,0.3,32,0.0
experiments\sd_lora_ici_outputs\VASC\VASC_near_BKL_0000.png,VASC,BKL,a dermoscopic image of vascular lesion,a dermoscopic image of vascular lesion,dataset\ISIC2018_Task3_Training_Input\ISIC_0027888.jpg,dataset\ISIC2018_Task3_Training_Input\ISIC_0031346.jpg,ISIC_0027888,ISIC_0031346,0.5669510960578918,0.3039165139198303,0.6440030376128296,1.55281662940979,42,100,5.0,0.3,32,0.0
experiments\sd_lora_ici_outputs\VASC\VASC_near_BKL_0001.png,VASC,BKL,a dermoscopic image of vascular lesion,a dermoscopic image of vascular lesion,dataset\ISIC2018_Task3_Training_Input\ISIC_0031996.jpg,dataset\ISIC2018_Task3_Training_Input\ISIC_0031346.jpg,ISIC_0031996,ISIC_0031346,0.3607081174850464,0.3039165139198303,3.461091486355423,1.5639379024505615,42,100,5.0,0.3,32,0.0
experiments\sd_lora_ici_outputs\VASC\VASC_near_BKL_0002.png,VASC,BKL,a dermoscopic image of vascular lesion,a dermoscopic image of vascular lesion,dataset\ISIC2018_Task3_Training_Input\ISIC_0032745.jpg,dataset\ISIC2018_Task3_Training_Input\ISIC_0027888.jpg,ISIC_0032745,ISIC_0027888,0.2172338366508484,0.5669510960578918,1.805871827790231,1.5659315586090088,42,100,5.0,0.3,32,0.0
experiments\sd_lora_ici_outputs\VASC\VASC_near_BKL_0003.png,VASC,BKL,a dermoscopic image of vascular lesion,a dermoscopic image of vascular lesion,dataset\ISIC2018_Task3_Training_Input\ISIC_0031996.jpg,dataset\ISIC2018_Task3_Training_Input\ISIC_0032890.jpg,ISIC_0031996,ISIC_0032890,0.3607081174850464,0.3817387819290161,3.040658202746048,1.5534639358520508,42,100,5.0,0.3,32,0.0
experiments\sd_lora_ici_outputs\VASC\VASC_near_BKL_0004.png,VASC,BKL,a dermoscopic image of vascular lesion,a dermoscopic image of vascular lesion,dataset\ISIC2018_Task3_Training_Input\ISIC_0032890.jpg,dataset\ISIC2018_Task3_Training_Input\ISIC_0032745.jpg,ISIC_0032890,ISIC_0032745,0.3817387819290161,0.2172338366508484,3.3519715379851465,1.5743016004562378,42,100,5.0,0.3,32,0.0
experiments\sd_lora_ici_outputs\VASC\VASC_near_DF_0000.png,VASC,DF,a dermoscopic image of vascular lesion,a dermoscopic image of vascular lesion,dataset\ISIC2018_Task3_Training_Input\ISIC_0031955.jpg,dataset\ISIC2018_Task3_Training_Input\ISIC_0024669.jpg,ISIC_0031955,ISIC_0024669,-0.1127426028251648,0.4967456459999084,1.1138042142613347,1.5643670558929443,42,100,5.0,0.3,32,0.0
experiments\sd_lora_ici_outputs\VASC\VASC_near_DF_0001.png,VASC,DF,a dermoscopic image of vascular lesion,a dermoscopic image of vascular lesion,dataset\ISIC2018_Task3_Training_Input\ISIC_0033817.jpg,dataset\ISIC2018_Task3_Training_Input\ISIC_0028885.jpg,ISIC_0033817,ISIC_0028885,0.2926549911499023,0.474919319152832,3.0390974928526076,1.6078046560287476,42,100,5.0,0.3,32,0.0
experiments\sd_lora_ici_outputs\VASC\VASC_near_DF_0002.png,VASC,DF,a dermoscopic image of vascular lesion,a dermoscopic image of vascular lesion,dataset\ISIC2018_Task3_Training_Input\ISIC_0029099.jpg,dataset\ISIC2018_Task3_Training_Input\ISIC_0031090.jpg,ISIC_0029099,ISIC_0031090,0.3258020281791687,0.1526859998703003,1.9432000051294178,1.5669065713882446,42,100,5.0,0.3,32,0.0
experiments\sd_lora_ici_outputs\VASC\VASC_near_DF_0003.png,VASC,DF,a dermoscopic image of vascular lesion,a dermoscopic image of vascular lesion,dataset\ISIC2018_Task3_Training_Input\ISIC_0027672.jpg,dataset\ISIC2018_Task3_Training_Input\ISIC_0031955.jpg,ISIC_0027672,ISIC_0031955,0.3931528925895691,-0.1127426028251648,0.9699015672847948,1.5498749017715454,42,100,5.0,0.3,32,0.0
experiments\sd_lora_ici_outputs\VASC\VASC_near_DF_0004.png,VASC,DF,a dermoscopic image of vascular lesion,a dermoscopic image of vascular lesion,dataset\ISIC2018_Task3_Training_Input\ISIC_0027790.jpg,dataset\ISIC2018_Task3_Training_Input\ISIC_0027672.jpg,ISIC_0027790,ISIC_0027672,0.2967217564582824,0.3931528925895691,1.7426777256471646,1.5859507322311401,42,100,5.0,0.3,32,0.0
experiments\sd_lora_ici_outputs\VASC\VASC_near_MEL_0000.png,VASC,MEL,a dermoscopic image of vascular lesion,a dermoscopic image of vascular lesion,dataset\ISIC2018_Task3_Training_Input\ISIC_0031270.jpg,dataset\ISIC2018_Task3_Training_Input\ISIC_0025578.jpg,ISIC_0031270,ISIC_0025578,0.3569915294647217,0.2731773257255554,2.8623876020750285,1.5662919282913208,42,100,5.0,0.3,32,0.0
experiments\sd_lora_ici_outputs\VASC\VASC_near_MEL_0001.png,VASC,MEL,a dermoscopic image of vascular lesion,a dermoscopic image of vascular lesion,dataset\ISIC2018_Task3_Training_Input\ISIC_0029404.jpg,dataset\ISIC2018_Task3_Training_Input\ISIC_0033135.jpg,ISIC_0029404,ISIC_0033135,0.3954867720603943,0.5155796408653259,0.9283056528709362,1.5871567726135254,42,100,5.0,0.3,32,0.0
experiments\sd_lora_ici_outputs\VASC\VASC_near_MEL_0002.png,VASC,MEL,a dermoscopic image of vascular lesion,a dermoscopic image of vascular lesion,dataset\ISIC2018_Task3_Training_Input\ISIC_0032545.jpg,dataset\ISIC2018_Task3_Training_Input\ISIC_0025924.jpg,ISIC_0032545,ISIC_0025924,0.4097946882247925,0.4601662158966064,1.330776970937513,1.5856844186782837,42,100,5.0,0.3,32,0.0
experiments\sd_lora_ici_outputs\VASC\VASC_near_MEL_0003.png,VASC,MEL,a dermoscopic image of vascular lesion,a dermoscopic image of vascular lesion,dataset\ISIC2018_Task3_Training_Input\ISIC_0031270.jpg,dataset\ISIC2018_Task3_Training_Input\ISIC_0031648.jpg,ISIC_0031270,ISIC_0031648,0.3569915294647217,0.4286975264549255,3.5385387937356865,1.5856977701187134,42,100,5.0,0.3,32,0.0
experiments\sd_lora_ici_outputs\VASC\VASC_near_MEL_0004.png,VASC,MEL,a dermoscopic image of vascular lesion,a dermoscopic image of vascular lesion,dataset\ISIC2018_Task3_Training_Input\ISIC_0033969.jpg,dataset\ISIC2018_Task3_Training_Input\ISIC_0030882.jpg,ISIC_0033969,ISIC_0030882,0.5122490525245667,0.4356000423431396,0.32709972710428625,1.5477981567382812,42,100,5.0,0.3,32,0.0
experiments\sd_lora_ici_outputs\VASC\VASC_near_NV_0000.png,VASC,NV,a dermoscopic image of vascular lesion,a dermoscopic image of vascular lesion,dataset\ISIC2018_Task3_Training_Input\ISIC_0031217.jpg,dataset\ISIC2018_Task3_Training_Input\ISIC_0028146.jpg,ISIC_0031217,ISIC_0028146,0.5191725492477417,0.0079846382141113,0.6096580777367948,1.5544729232788086,42,100,5.0,0.3,32,0.0
experiments\sd_lora_ici_outputs\VASC\VASC_near_NV_0001.png,VASC,NV,a dermoscopic image of vascular lesion,a dermoscopic image of vascular lesion,dataset\ISIC2018_Task3_Training_Input\ISIC_0031103.jpg,dataset\ISIC2018_Task3_Training_Input\ISIC_0031706.jpg,ISIC_0031103,ISIC_0031706,0.572262704372406,0.5292729139328003,1.5514124013594557,1.5512843132019043,42,100,5.0,0.3,32,0.0
experiments\sd_lora_ici_outputs\VASC\VASC_near_NV_0002.png,VASC,NV,a dermoscopic image of vascular lesion,a dermoscopic image of vascular lesion,dataset\ISIC2018_Task3_Training_Input\ISIC_0025807.jpg,dataset\ISIC2018_Task3_Training_Input\ISIC_0031103.jpg,ISIC_0025807,ISIC_0031103,0.4141161441802978,0.572262704372406,0.6049424869053431,1.587099313735962,42,100,5.0,0.3,32,0.0
experiments\sd_lora_ici_outputs\VASC\VASC_near_NV_0003.png,VASC,NV,a dermoscopic image of vascular lesion,a dermoscopic image of vascular lesion,dataset\ISIC2018_Task3_Training_Input\ISIC_0025873.jpg,dataset\ISIC2018_Task3_Training_Input\ISIC_0025197.jpg,ISIC_0025873,ISIC_0025197,0.2877715826034546,0.2973973155021667,0.8518649939367864,1.578073501586914,42,100,5.0,0.3,32,0.0
experiments\sd_lora_ici_outputs\VASC\VASC_near_NV_0004.png,VASC,NV,a dermoscopic image of vascular lesion,a dermoscopic image of vascular lesion,dataset\ISIC2018_Task3_Training_Input\ISIC_0026467.jpg,dataset\ISIC2018_Task3_Training_Input\ISIC_0032270.jpg,ISIC_0026467,ISIC_0032270,0.4015229940414428,0.2942054271697998,1.7003946879229954,1.5329922437667847,42,100,5.0,0.3,32,0.0
