index,sample_id,image_path,true_label_idx,true_label_name,pred_label_idx,pred_label_name,is_correct,confidence,distance_to_true_center,nearest_wrong_class_idx,nearest_wrong_class_name,distance_to_nearest_wrong_center,distance_margin,distance_to_MEL,distance_to_NV,distance_to_BCC,distance_to_AKIEC,distance_to_BKL,distance_to_DF,distance_to_VASC,rank_global,rank_in_true_class
8966,ISIC_0033272,,0,MEL,3,AKIEC,False,0.3893936276435852,0.9977178573608398,3,AKIEC,0.7048407196998596,-0.2928771376609802,0.9977178573608398,1.1290092468261719,0.9657369256019592,0.7048407196998596,0.8193040490150452,0.7807953953742981,1.1343343257904053,5,1
9402,ISIC_0033708,,0,MEL,2,BCC,False,0.46221378445625305,0.8354759812355042,3,AKIEC,0.6712486147880554,-0.16422736644744873,0.8354759812355042,1.0382881164550781,0.7506561875343323,0.6712486147880554,0.9585052132606506,0.8497931361198425,1.043249249458313,41,2
2114,ISIC_0026420,,0,MEL,3,AKIEC,False,0.41123849153518677,0.8838295936584473,3,AKIEC,0.7287412285804749,-0.1550883650779724,0.8838295936584473,1.0804952383041382,0.9198422431945801,0.7287412285804749,0.9337072372436523,0.8518389463424683,0.9474624395370483,45,3
9699,ISIC_0034005,,0,MEL,4,BKL,False,0.6990255117416382,1.0036932229995728,4,BKL,0.8547221422195435,-0.1489710807800293,1.0036932229995728,1.0864523649215698,1.0160386562347412,1.0141170024871826,0.8547221422195435,0.9349190592765808,1.125473976135254,56,4
5579,ISIC_0029885,,0,MEL,4,BKL,False,0.25954699516296387,0.9452637434005737,5,DF,0.7973659634590149,-0.14789777994155884,0.9452637434005737,1.018130898475647,0.9376664757728577,0.8831926584243774,0.9055328369140625,0.7973659634590149,1.1452953815460205,59,5
5652,ISIC_0029958,,0,MEL,3,AKIEC,False,0.39183568954467773,0.7910140156745911,3,AKIEC,0.6433729529380798,-0.14764106273651123,0.7910140156745911,1.0540958642959595,0.953173816204071,0.6433729529380798,0.7994667887687683,0.801289439201355,1.1843801736831665,60,6
2200,ISIC_0026506,,0,MEL,6,VASC,False,0.4382207691669464,1.0130317211151123,6,VASC,0.8662970662117004,-0.14673465490341187,1.0130317211151123,0.9857709407806396,1.1146856546401978,1.1613247394561768,1.1486934423446655,1.1229729652404785,0.8662970662117004,62,7
4595,ISIC_0028901,,0,MEL,0,MEL,True,0.2438812553882599,0.9647515416145325,5,DF,0.8355609178543091,-0.1291906237602234,0.9647515416145325,1.0105952024459839,1.0594807863235474,0.9447877407073975,0.9438424110412598,0.8355609178543091,1.0338048934936523,76,8
4454,ISIC_0028760,,0,MEL,1,NV,False,0.709175705909729,1.1449729204177856,1,NV,1.0171558856964111,-0.1278170347213745,1.1449729204177856,1.0171558856964111,1.2242496013641357,1.2468541860580444,1.2119938135147095,1.172040343284607,1.1481016874313354,77,9
8609,ISIC_0032915,,0,MEL,0,MEL,True,0.601711094379425,0.7532777190208435,3,AKIEC,0.6371733546257019,-0.1161043643951416,0.7532777190208435,1.021762728691101,0.7815054655075073,0.6371733546257019,0.8278706073760986,0.741175651550293,1.0956333875656128,94,10
8203,ISIC_0032509,,0,MEL,2,BCC,False,0.6419773101806641,0.9582309722900391,2,BCC,0.8560982942581177,-0.10213267803192139,0.9582309722900391,1.0955860614776611,0.8560982942581177,1.0781575441360474,1.0143394470214844,1.0370334386825562,1.1370773315429688,119,11
2346,ISIC_0026652,,0,MEL,3,AKIEC,False,0.38908758759498596,0.801075279712677,3,AKIEC,0.7081112861633301,-0.09296399354934692,0.801075279712677,1.0108311176300049,0.9586267471313477,0.7081112861633301,0.8501001000404358,0.8074806928634644,1.135428547859192,147,12
175,ISIC_0024481,,0,MEL,4,BKL,False,0.4334244132041931,0.9279853105545044,5,DF,0.8393568396568298,-0.08862847089767456,0.9279853105545044,0.9343044757843018,0.9580314755439758,1.0361601114273071,0.8860335946083069,0.8393568396568298,1.0644989013671875,161,13
8877,ISIC_0033183,,0,MEL,4,BKL,False,0.3797649145126343,0.8838910460472107,5,DF,0.7975902557373047,-0.086300790309906,0.8838910460472107,1.0824726819992065,0.8833126425743103,0.8015661835670471,0.8174417018890381,0.7975902557373047,1.0637080669403076,169,14
1403,ISIC_0025709,,0,MEL,0,MEL,True,0.5281217098236084,0.7295643091201782,3,AKIEC,0.6467100977897644,-0.08285421133041382,0.7295643091201782,0.9343035221099854,0.8312570452690125,0.6467100977897644,0.8634065985679626,0.8156823515892029,1.0502732992172241,187,15
1194,ISIC_0025500,,0,MEL,4,BKL,False,0.5607282519340515,0.8118586540222168,3,AKIEC,0.734562873840332,-0.07729578018188477,0.8118586540222168,0.9999707341194153,0.9403775930404663,0.734562873840332,0.7374480366706848,0.7751470804214478,1.1413782835006714,209,16
8654,ISIC_0032960,,0,MEL,3,AKIEC,False,0.45816949009895325,0.7940241098403931,3,AKIEC,0.7170594334602356,-0.07696467638015747,0.7940241098403931,0.9066768288612366,0.9594908356666565,0.7170594334602356,0.8554267287254333,0.7631743550300598,1.0314016342163086,212,17
6880,ISIC_0031186,,0,MEL,0,MEL,True,0.5759801864624023,0.7144454121589661,3,AKIEC,0.6417418122291565,-0.07270359992980957,0.7144454121589661,0.9785585403442383,0.8852137923240662,0.6417418122291565,0.8083236217498779,0.7763245105743408,1.130924940109253,234,18
94,ISIC_0024400,,0,MEL,0,MEL,True,0.41289952397346497,0.8673079013824463,5,DF,0.7981951832771301,-0.06911271810531616,0.8673079013824463,1.0196919441223145,0.9663800597190857,0.8161689043045044,0.8341073989868164,0.7981951832771301,1.0757123231887817,252,19
7876,ISIC_0032182,,0,MEL,0,MEL,True,0.5281153321266174,0.8351719975471497,3,AKIEC,0.7675085663795471,-0.06766343116760254,0.8351719975471497,0.9833769202232361,0.8825845718383789,0.7675085663795471,0.9224409461021423,0.8402776122093201,0.8948969841003418,261,20
5774,ISIC_0030080,,0,MEL,4,BKL,False,0.4631957709789276,0.935761570930481,5,DF,0.8747941255569458,-0.060967445373535156,0.935761570930481,1.0697139501571655,1.0129057168960571,0.9159044623374939,0.8912346363067627,0.8747941255569458,1.1798083782196045,304,21
8427,ISIC_0032733,,0,MEL,4,BKL,False,0.5232148170471191,0.8729623556137085,4,BKL,0.814863920211792,-0.058098435401916504,0.8729623556137085,1.0575826168060303,0.9629961848258972,0.8662478923797607,0.814863920211792,0.8504746556282043,1.1221181154251099,320,22
396,ISIC_0024702,,0,MEL,0,MEL,True,0.6318448185920715,0.8817424774169922,6,VASC,0.8250811696052551,-0.05666130781173706,0.8817424774169922,1.0028104782104492,0.9540844559669495,1.0547162294387817,1.0610127449035645,1.0035752058029175,0.8250811696052551,327,23
341,ISIC_0024647,,0,MEL,0,MEL,True,0.49087420105934143,0.8182093501091003,3,AKIEC,0.7617745399475098,-0.056434810161590576,0.8182093501091003,1.0115700960159302,0.9265801310539246,0.7617745399475098,0.7799302339553833,0.7999057173728943,1.1152582168579102,329,24
8563,ISIC_0032869,,0,MEL,0,MEL,True,0.34104809165000916,0.7859096527099609,3,AKIEC,0.7317033410072327,-0.05420631170272827,0.7859096527099609,1.0109444856643677,0.7513425946235657,0.7317033410072327,0.8980380296707153,0.8264397978782654,1.0976760387420654,351,25
4707,ISIC_0029013,,0,MEL,1,NV,False,0.4910258948802948,1.0759613513946533,1,NV,1.0235116481781006,-0.052449703216552734,1.0759613513946533,1.0235116481781006,1.211092233657837,1.2073884010314941,1.1847816705703735,1.1706180572509766,1.185875654220581,358,26
1852,ISIC_0026158,,0,MEL,2,BCC,False,0.3075307309627533,0.964058518409729,6,VASC,0.911881685256958,-0.052176833152770996,0.964058518409729,1.1081945896148682,0.9145151376724243,0.9283621907234192,1.048163652420044,1.0151773691177368,0.911881685256958,361,27
2873,ISIC_0027179,,0,MEL,0,MEL,True,0.504902720451355,0.7188158631324768,3,AKIEC,0.666706919670105,-0.052108943462371826,0.7188158631324768,1.0055040121078491,0.6956117153167725,0.666706919670105,0.88614422082901,0.7808290719985962,1.066371202468872,363,28
1011,ISIC_0025317,,0,MEL,0,MEL,True,0.24104247987270355,0.821929931640625,5,DF,0.7722472548484802,-0.049682676792144775,0.821929931640625,0.8893792033195496,0.9299047589302063,0.8291364312171936,0.9135687351226807,0.7722472548484802,0.8442913889884949,378,29
1418,ISIC_0025724,,0,MEL,1,NV,False,0.4638994336128235,1.049972653388977,1,NV,1.0019183158874512,-0.04805433750152588,1.049972653388977,1.0019183158874512,1.15956449508667,1.1447280645370483,1.0732206106185913,1.0596319437026978,1.1117655038833618,397,30
8286,ISIC_0032592,,0,MEL,0,MEL,True,0.38339412212371826,0.9305194616317749,6,VASC,0.8825443983078003,-0.04797506332397461,0.9305194616317749,1.0161737203598022,0.9914441704750061,0.9961655139923096,0.9148755073547363,0.92232745885849,0.8825443983078003,398,31
8420,ISIC_0032726,,0,MEL,0,MEL,True,0.5865786671638489,0.7734943628311157,3,AKIEC,0.7282785773277283,-0.04521578550338745,0.7734943628311157,0.9899623394012451,0.9065952897071838,0.7282785773277283,0.8037103414535522,0.7900245189666748,1.105857014656067,427,32
8718,ISIC_0033024,,0,MEL,2,BCC,False,0.570571780204773,0.7972962260246277,2,BCC,0.7549951672554016,-0.042301058769226074,0.7972962260246277,0.9282659888267517,0.7549951672554016,0.9697067141532898,0.9408607482910156,0.8868411779403687,1.0427900552749634,456,33
3487,ISIC_0027793,,0,MEL,1,NV,False,0.4104462265968323,0.99295574426651,1,NV,0.9520266652107239,-0.04092907905578613,0.99295574426651,0.9520266652107239,0.9657683968544006,0.997492790222168,0.9850583672523499,0.9602699279785156,1.146931767463684,468,34
248,ISIC_0024554,,0,MEL,4,BKL,False,0.41344761848449707,0.7659950852394104,3,AKIEC,0.7298750877380371,-0.03611999750137329,0.7659950852394104,0.9553876519203186,0.9279919862747192,0.7298750877380371,0.7486097812652588,0.7613407969474792,1.0981810092926025,521,35
9575,ISIC_0033881,,0,MEL,4,BKL,False,0.47389474511146545,0.8837445974349976,4,BKL,0.8533573746681213,-0.03038722276687622,0.8837445974349976,1.0457978248596191,1.066645860671997,0.9490028023719788,0.8533573746681213,0.9414747953414917,1.1792445182800293,587,36
7440,ISIC_0031746,,0,MEL,4,BKL,False,0.317119836807251,0.870782196521759,4,BKL,0.8409221172332764,-0.029860079288482666,0.870782196521759,0.9976005554199219,0.9063769578933716,0.8653129935264587,0.8409221172332764,0.8488135933876038,1.1241931915283203,592,37
9118,ISIC_0033424,,0,MEL,2,BCC,False,0.43424874544143677,0.7901119589805603,2,BCC,0.7616201639175415,-0.0284917950630188,0.7901119589805603,1.0037775039672852,0.7616201639175415,0.8462424278259277,0.8944297432899475,0.8283748626708984,1.0993751287460327,608,38
8350,ISIC_0032656,,0,MEL,4,BKL,False,0.4033227264881134,0.8833563923835754,4,BKL,0.8551504611968994,-0.028205931186676025,0.8833563923835754,0.9866814613342285,0.9443509578704834,0.9876892566680908,0.8551504611968994,0.8779677748680115,0.9262034296989441,614,39
7792,ISIC_0032098,,0,MEL,4,BKL,False,0.31360799074172974,1.0040229558944702,4,BKL,0.9786239862442017,-0.025398969650268555,1.0040229558944702,1.04397714138031,1.0843843221664429,1.0058460235595703,0.9786239862442017,0.9858826994895935,1.0120331048965454,641,40
1952,ISIC_0026258,,0,MEL,4,BKL,False,0.5001018643379211,0.9019179940223694,4,BKL,0.880262017250061,-0.02165597677230835,0.9019179940223694,0.9345969557762146,1.051374077796936,1.0150851011276245,0.880262017250061,0.9081062078475952,1.1127955913543701,696,41
4187,ISIC_0028493,,0,MEL,4,BKL,False,0.7686209082603455,0.7272135615348816,5,DF,0.7083689570426941,-0.0188446044921875,0.7272135615348816,0.9008102416992188,0.8626910448074341,0.8035643696784973,0.7362495064735413,0.7083689570426941,1.1148380041122437,736,42
7942,ISIC_0032248,,0,MEL,0,MEL,True,0.6936572790145874,0.722697913646698,3,AKIEC,0.7067587971687317,-0.01593911647796631,0.722697913646698,1.0098727941513062,0.8168535828590393,0.7067587971687317,0.8994245529174805,0.7981463670730591,1.06101655960083,770,43
1657,ISIC_0025963,,0,MEL,0,MEL,True,0.6039122343063354,1.1510592699050903,6,VASC,1.1352474689483643,-0.015811800956726074,1.1510592699050903,1.1483469009399414,1.2255750894546509,1.213133692741394,1.1888744831085205,1.1707439422607422,1.1352474689483643,772,44
2562,ISIC_0026868,,0,MEL,0,MEL,True,0.6106032133102417,0.7760702967643738,3,AKIEC,0.7611219882965088,-0.01494830846786499,0.7760702967643738,0.9592339992523193,0.916297972202301,0.7611219882965088,0.9640679359436035,0.8109644055366516,1.0990628004074097,784,45
9882,ISIC_0034188,,0,MEL,0,MEL,True,0.3273513615131378,0.9120977520942688,5,DF,0.898271381855011,-0.013826370239257812,0.9120977520942688,0.9072783589363098,1.0390809774398804,1.0397601127624512,0.9568489193916321,0.898271381855011,0.9390789270401001,799,46
666,ISIC_0024972,,0,MEL,0,MEL,True,0.530985414981842,0.8130797147750854,3,AKIEC,0.8005364537239075,-0.012543261051177979,0.8130797147750854,0.9772521257400513,0.9317249655723572,0.8005364537239075,0.846777617931366,0.8346834182739258,1.060256004333496,830,47
712,ISIC_0025018,,0,MEL,1,NV,False,0.4307906925678253,1.0658032894134521,1,NV,1.0532758235931396,-0.0125274658203125,1.0658032894134521,1.0532758235931396,1.1806654930114746,1.2114510536193848,1.1105601787567139,1.103281021118164,1.1589480638504028,831,48
2898,ISIC_0027204,,0,MEL,0,MEL,True,0.7320882678031921,0.7667007446289062,3,AKIEC,0.7543495893478394,-0.012351155281066895,0.7667007446289062,0.98273104429245,0.9965101480484009,0.7543495893478394,0.8312936425209045,0.833474338054657,1.1464442014694214,833,49
7223,ISIC_0031529,,0,MEL,1,NV,False,0.3530087471008301,1.0741956233978271,1,NV,1.0629494190216064,-0.011246204376220703,1.0741956233978271,1.0629494190216064,1.2116467952728271,1.2125946283340454,1.1122487783432007,1.1426241397857666,1.2061445713043213,844,50
9784,ISIC_0034090,,1,NV,2,BCC,False,0.950227677822113,1.1121081113815308,2,BCC,0.6927981972694397,-0.41930991411209106,1.0787584781646729,1.1121081113815308,0.6927981972694397,1.0691077709197998,1.0946650505065918,1.0083513259887695,1.058532953262329,1,1
2123,ISIC_0026429,,1,NV,2,BCC,False,0.8826123476028442,0.9432570934295654,2,BCC,0.6043772101402283,-0.33887988328933716,0.863466739654541,0.9432570934295654,0.6043772101402283,0.8875299692153931,0.9340680837631226,0.8140158653259277,0.9661529064178467,2,2
2263,ISIC_0026569,,1,NV,2,BCC,False,0.5105658769607544,1.0244357585906982,2,BCC,0.7567468881607056,-0.2676888704299927,0.9857924580574036,1.0244357585906982,0.7567468881607056,0.8917517066001892,0.8814064264297485,0.8592569231987,1.1074268817901611,9,3
9766,ISIC_0034072,,1,NV,2,BCC,False,0.6292193531990051,1.0674266815185547,2,BCC,0.80809485912323,-0.2593318223953247,1.0396162271499634,1.0674266815185547,0.80809485912323,1.0785150527954102,0.9430910348892212,0.9169679880142212,1.1132755279541016,10,4
4897,ISIC_0029203,,1,NV,4,BKL,False,0.6756909489631653,1.0154725313186646,4,BKL,0.7718005180358887,-0.24367201328277588,1.0334088802337646,1.0154725313186646,0.8581720590591431,0.918257474899292,0.7718005180358887,0.7748879790306091,1.0548518896102905,12,5
4135,ISIC_0028441,,1,NV,4,BKL,False,0.6864870190620422,0.927943229675293,5,DF,0.7028050422668457,-0.22513818740844727,0.8861231803894043,0.927943229675293,0.9166430234909058,0.8563956022262573,0.7372085452079773,0.7028050422668457,1.0814857482910156,15,6
2098,ISIC_0026404,,1,NV,4,BKL,False,0.6604086756706238,0.9058846831321716,5,DF,0.6973958015441895,-0.20848888158798218,0.8751360177993774,0.9058846831321716,0.7979416251182556,0.8807953596115112,0.7050777673721313,0.6973958015441895,1.0779982805252075,21,7
3860,ISIC_0028166,,1,NV,4,BKL,False,0.6617203950881958,1.0938969850540161,4,BKL,0.8921327590942383,-0.20176422595977783,1.109993577003479,1.0938969850540161,0.9373322129249573,0.9647310972213745,0.8921327590942383,0.9182246327400208,1.090490698814392,23,8
530,ISIC_0024836,,1,NV,2,BCC,False,0.5028801560401917,0.8908154964447021,5,DF,0.6935042142868042,-0.19731128215789795,0.8510764837265015,0.8908154964447021,0.7150929570198059,0.8641478419303894,0.7832779884338379,0.6935042142868042,0.9602834582328796,25,9
6333,ISIC_0030639,,1,NV,2,BCC,False,0.47102057933807373,0.949411153793335,2,BCC,0.7529535889625549,-0.19645756483078003,0.9975099563598633,0.949411153793335,0.7529535889625549,1.0553654432296753,0.9684386849403381,0.8703883290290833,1.0266791582107544,26,10
610,ISIC_0024916,,1,NV,1,NV,True,0.733059823513031,0.8939861059188843,6,VASC,0.7229491472244263,-0.171036958694458,1.0737097263336182,0.8939861059188843,1.1170740127563477,1.179443359375,1.1176594495773315,1.0064793825149536,0.7229491472244263,33,11
8117,ISIC_0032423,,1,NV,0,MEL,False,0.5080656409263611,0.8158304691314697,0,MEL,0.6453507542610168,-0.17047971487045288,0.6453507542610168,0.8158304691314697,0.8867200016975403,1.0097867250442505,0.8615211844444275,0.8820688724517822,1.0611830949783325,34,12
7288,ISIC_0031594,,1,NV,4,BKL,False,0.5304657816886902,0.943122148513794,5,DF,0.7739437818527222,-0.16917836666107178,0.9059187769889832,0.943122148513794,0.8276143074035645,0.8992125391960144,0.7939906120300293,0.7739437818527222,1.0668013095855713,37,13
2248,ISIC_0026554,,1,NV,4,BKL,False,0.6181666254997253,0.9509588479995728,4,BKL,0.784859836101532,-0.16609901189804077,0.9728274941444397,0.9509588479995728,0.9447344541549683,0.9408318996429443,0.784859836101532,0.7855050563812256,1.0658037662506104,40,14
2020,ISIC_0026326,,1,NV,1,NV,True,0.4651833176612854,0.9404778480529785,5,DF,0.7872084379196167,-0.15326941013336182,0.9570752382278442,0.9404778480529785,0.8529065847396851,1.003800868988037,0.8921197056770325,0.7872084379196167,0.9778685569763184,49,15
1920,ISIC_0026226,,1,NV,2,BCC,False,0.38923725485801697,0.9608006477355957,5,DF,0.818906843662262,-0.14189380407333374,0.9667403101921082,0.9608006477355957,0.8830251097679138,0.8859530091285706,0.9280043840408325,0.818906843662262,1.0477112531661987,63,16
7912,ISIC_0032218,,1,NV,4,BKL,False,0.37789514660835266,0.9761633276939392,5,DF,0.8365121483802795,-0.13965117931365967,1.0367403030395508,0.9761633276939392,0.9789584279060364,0.9906619787216187,0.8999794125556946,0.8365121483802795,1.0537556409835815,67,17
6297,ISIC_0030603,,1,NV,1,NV,True,0.4383382201194763,0.8374537825584412,0,MEL,0.6986732482910156,-0.13878053426742554,0.6986732482910156,0.8374537825584412,0.8927097320556641,0.9308552145957947,0.8396833539009094,0.8292703628540039,1.1196424961090088,68,18
7267,ISIC_0031573,,1,NV,0,MEL,False,0.5466452240943909,0.7177554368972778,0,MEL,0.5805420875549316,-0.1372133493423462,0.5805420875549316,0.7177554368972778,0.9078165888786316,0.9256930351257324,0.8855891227722168,0.8093144297599792,1.0667824745178223,69,19
4155,ISIC_0028461,,1,NV,1,NV,True,0.6293001770973206,0.8681216239929199,6,VASC,0.7343068718910217,-0.1338147521018982,0.952924370765686,0.8681216239929199,1.0305052995681763,1.1203135251998901,1.0686861276626587,0.960544228553772,0.7343068718910217,70,20
5874,ISIC_0030180,,1,NV,4,BKL,False,0.33352527022361755,0.9348633885383606,0,MEL,0.8018526434898376,-0.13301074504852295,0.8018526434898376,0.9348633885383606,0.883922815322876,0.8485492467880249,0.8305984139442444,0.8118867874145508,1.1153289079666138,71,21
873,ISIC_0025179,,1,NV,0,MEL,False,0.6762112379074097,0.805070161819458,0,MEL,0.6742343306541443,-0.13083583116531372,0.6742343306541443,0.805070161819458,0.8801133632659912,0.921282172203064,0.8633841276168823,0.8640108108520508,1.0043119192123413,72,22
6480,ISIC_0030786,,1,NV,1,NV,True,0.32715412974357605,0.9269608855247498,5,DF,0.7961693406105042,-0.1307915449142456,0.951180100440979,0.9269608855247498,1.0115814208984375,0.9912143349647522,0.9015099406242371,0.7961693406105042,1.0979092121124268,73,23
9206,ISIC_0033512,,1,NV,2,BCC,False,0.7385396957397461,0.9055241346359253,2,BCC,0.7754114866256714,-0.1301126480102539,0.9348046183586121,0.9055241346359253,0.7754114866256714,1.0261926651000977,1.0251131057739258,0.9151650071144104,0.9338433742523193,74,24
7053,ISIC_0031359,,1,NV,1,NV,True,0.6237324476242065,0.8959110975265503,5,DF,0.7687367796897888,-0.12717431783676147,0.8777461647987366,0.8959110975265503,0.8526203632354736,1.0298405885696411,0.9378694891929626,0.7687367796897888,1.0066896677017212,78,25
8213,ISIC_0032519,,1,NV,2,BCC,False,0.5635734796524048,0.841742217540741,2,BCC,0.7160393595695496,-0.1257028579711914,0.8198795318603516,0.841742217540741,0.7160393595695496,0.9770693778991699,0.9577670693397522,0.8302066326141357,0.8532335162162781,79,26
2076,ISIC_0026382,,1,NV,1,NV,True,0.49428591132164,0.7904386520385742,0,MEL,0.6682218313217163,-0.12221682071685791,0.6682218313217163,0.7904386520385742,0.9660071134567261,1.066955804824829,0.9124035239219666,0.8902742266654968,1.0506786108016968,81,27
7008,ISIC_0031314,,1,NV,3,AKIEC,False,0.32179853320121765,1.0001598596572876,3,AKIEC,0.8781158328056335,-0.12204402685165405,0.9431031346321106,1.0001598596572876,0.9145164489746094,0.8781158328056335,0.9761404395103455,0.9115947484970093,1.0882256031036377,82,28
8602,ISIC_0032908,,1,NV,1,NV,True,0.6810894012451172,0.7502318620681763,0,MEL,0.6283479928970337,-0.12188386917114258,0.6283479928970337,0.7502318620681763,1.0137189626693726,0.9748945236206055,0.8910343647003174,0.8433958888053894,1.1174956560134888,83,29
5962,ISIC_0030268,,1,NV,1,NV,True,0.4393672049045563,0.8210582733154297,0,MEL,0.6993211507797241,-0.12173712253570557,0.6993211507797241,0.8210582733154297,0.9169616103172302,0.924511730670929,0.9250757098197937,0.8668832778930664,1.1151193380355835,84,30
7470,ISIC_0031776,,1,NV,1,NV,True,0.7545575499534607,0.9488292336463928,5,DF,0.827673614025116,-0.12115561962127686,1.027354121208191,0.9488292336463928,1.0712882280349731,1.0092501640319824,0.9203549027442932,0.827673614025116,1.165122151374817,85,31
2791,ISIC_0027097,,1,NV,0,MEL,False,0.5816375613212585,0.8082443475723267,0,MEL,0.6875194907188416,-0.12072485685348511,0.6875194907188416,0.8082443475723267,1.0102912187576294,1.018062710762024,0.9904142618179321,0.9642800092697144,1.1239683628082275,86,32
4567,ISIC_0028873,,1,NV,4,BKL,False,0.5707889199256897,0.8446993231773376,4,BKL,0.7245683670043945,-0.12013095617294312,0.759877622127533,0.8446993231773376,1.0017672777175903,0.9216329455375671,0.7245683670043945,0.7926384210586548,1.1260963678359985,88,33
1954,ISIC_0026260,,1,NV,1,NV,True,0.9353432059288025,0.7510495781898499,0,MEL,0.6336460709571838,-0.11740350723266602,0.6336460709571838,0.7510495781898499,0.9017814993858337,1.0175915956497192,0.8586746454238892,0.8487622141838074,1.0661393404006958,92,34
576,ISIC_0024882,,1,NV,1,NV,True,0.44879746437072754,0.8571963310241699,0,MEL,0.7407131791114807,-0.11648315191268921,0.7407131791114807,0.8571963310241699,0.957593560218811,1.0128964185714722,0.9204867482185364,0.9071186780929565,1.1392754316329956,93,35
6007,ISIC_0030313,,1,NV,1,NV,True,0.8559150099754333,0.8995601534843445,6,VASC,0.7841795086860657,-0.11538064479827881,1.120005488395691,0.8995601534843445,1.1234756708145142,1.1902142763137817,1.1346728801727295,1.0362880229949951,0.7841795086860657,95,36
1530,ISIC_0025836,,1,NV,1,NV,True,0.7239047884941101,0.7402423620223999,0,MEL,0.626059353351593,-0.11418300867080688,0.626059353351593,0.7402423620223999,0.9119364619255066,0.9473055601119995,0.9049949049949646,0.7257816791534424,1.0601750612258911,96,37
3333,ISIC_0027639,,1,NV,4,BKL,False,0.34330952167510986,0.9051641821861267,0,MEL,0.7914769649505615,-0.11368721723556519,0.7914769649505615,0.9051641821861267,0.8317615389823914,0.8530116081237793,0.8462432622909546,0.7983657717704773,1.1037967205047607,97,38
9378,ISIC_0033684,,1,NV,1,NV,True,0.7603718638420105,0.7247957587242126,0,MEL,0.6115241646766663,-0.11327159404754639,0.6115241646766663,0.7247957587242126,0.9283764362335205,0.9770176410675049,0.8604681491851807,0.8594335913658142,1.0395276546478271,99,39
8425,ISIC_0032731,,1,NV,1,NV,True,0.7087334990501404,0.6894694566726685,0,MEL,0.5763394832611084,-0.11312997341156006,0.5763394832611084,0.6894694566726685,0.9119793772697449,0.9610506296157837,0.8898842334747314,0.8105115294456482,1.024116039276123,100,40
3626,ISIC_0027932,,1,NV,1,NV,True,0.5880612134933472,0.7659717202186584,0,MEL,0.654087483882904,-0.1118842363357544,0.654087483882904,0.7659717202186584,0.9421230554580688,0.8313850164413452,0.8302968144416809,0.7760466933250427,1.0851672887802124,103,41
6886,ISIC_0031192,,1,NV,1,NV,True,0.5054416060447693,0.8677918910980225,5,DF,0.7563007473945618,-0.1114911437034607,0.7725971937179565,0.8677918910980225,0.8180294036865234,0.890300452709198,0.8080928921699524,0.7563007473945618,1.053562045097351,104,42
9432,ISIC_0033738,,1,NV,1,NV,True,0.5742353200912476,0.8019022345542908,0,MEL,0.6915154457092285,-0.11038678884506226,0.6915154457092285,0.8019022345542908,0.9457460045814514,0.970838189125061,0.8297504186630249,0.8147495985031128,1.064780592918396,107,43
5248,ISIC_0029554,,1,NV,2,BCC,False,0.44894012808799744,0.8698234558105469,2,BCC,0.760357141494751,-0.1094663143157959,0.8013906478881836,0.8698234558105469,0.760357141494751,0.895439624786377,0.8614848256111145,0.8233886361122131,1.0524779558181763,110,44
8273,ISIC_0032579,,1,NV,1,NV,True,0.46152356266975403,0.8169230818748474,0,MEL,0.7125198245048523,-0.10440325736999512,0.7125198245048523,0.8169230818748474,0.9324935078620911,0.9774331450462341,0.8887544870376587,0.8467195630073547,1.0703022480010986,117,45
5677,ISIC_0029983,,1,NV,1,NV,True,0.43750062584877014,0.76694256067276,0,MEL,0.6667778491973877,-0.10016471147537231,0.6667778491973877,0.76694256067276,0.9995618462562561,0.9004907011985779,0.886667013168335,0.8363637328147888,1.079128623008728,123,46
9311,ISIC_0033617,,1,NV,1,NV,True,0.6894639134407043,0.7710619568824768,0,MEL,0.670927107334137,-0.10013484954833984,0.670927107334137,0.7710619568824768,0.9107058048248291,1.0195372104644775,0.8704052567481995,0.8559478521347046,1.0465526580810547,124,47
1040,ISIC_0025346,,1,NV,1,NV,True,0.607667088508606,0.7491259574890137,0,MEL,0.6490225791931152,-0.10010337829589844,0.6490225791931152,0.7491259574890137,0.9080452919006348,0.9234879016876221,0.8693817257881165,0.7904313802719116,1.0688999891281128,125,48
3822,ISIC_0028128,,1,NV,1,NV,True,0.6839999556541443,0.7491274476051331,0,MEL,0.6491104364395142,-0.1000170111656189,0.6491104364395142,0.7491274476051331,0.8899985551834106,0.9349058270454407,0.8058488965034485,0.7852982878684998,1.0392694473266602,127,49
2880,ISIC_0027186,,1,NV,1,NV,True,0.5074076652526855,0.9924476146697998,4,BKL,0.8925607800483704,-0.09988683462142944,1.1194297075271606,0.9924476146697998,1.0392646789550781,1.1162354946136475,0.8925607800483704,0.9009095430374146,1.1443194150924683,128,50
5106,ISIC_0029412,,2,BCC,3,AKIEC,False,0.7275339365005493,0.8468972444534302,3,AKIEC,0.5690637826919556,-0.2778334617614746,1.0227372646331787,1.2246227264404297,0.8468972444534302,0.5690637826919556,0.9145191311836243,0.8603224158287048,1.1750961542129517,7,1
6751,ISIC_0031057,,2,BCC,4,BKL,False,0.4035980999469757,1.0074982643127441,3,AKIEC,0.7963675856590271,-0.21113067865371704,1.0344486236572266,1.1495637893676758,1.0074982643127441,0.7963675856590271,0.8738681674003601,0.8973937630653381,1.2085682153701782,20,2
4729,ISIC_0029035,,2,BCC,4,BKL,False,0.6982702612876892,0.949074387550354,3,AKIEC,0.7481784224510193,-0.20089596509933472,0.9468917846679688,1.0743744373321533,0.949074387550354,0.7481784224510193,0.7490189671516418,0.7728882431983948,1.1179795265197754,24,3
4277,ISIC_0028583,,2,BCC,3,AKIEC,False,0.6833671927452087,0.7955946922302246,3,AKIEC,0.6034554839134216,-0.19213920831680298,0.8928403854370117,1.1203389167785645,0.7955946922302246,0.6034554839134216,0.9086264371871948,0.8876500129699707,1.1411044597625732,27,4
4895,ISIC_0029201,,2,BCC,6,VASC,False,0.5095911622047424,1.0228747129440308,6,VASC,0.8473721742630005,-0.17550253868103027,1.076186180114746,1.0461970567703247,1.0228747129440308,1.0507209300994873,1.088182806968689,0.9448363780975342,0.8473721742630005,31,5
3127,ISIC_0027433,,2,BCC,2,BCC,True,0.5497056841850281,0.9662342667579651,6,VASC,0.7983931303024292,-0.1678411364555359,1.0703049898147583,1.1085753440856934,0.9662342667579651,1.051119089126587,1.1539539098739624,1.0380887985229492,0.7983931303024292,38,6
1324,ISIC_0025630,,2,BCC,6,VASC,False,0.4205077290534973,0.9346024394035339,6,VASC,0.781664252281189,-0.15293818712234497,1.0728490352630615,1.0048012733459473,0.9346024394035339,1.0191079378128052,0.9905526638031006,0.9369916319847107,0.781664252281189,50,7
2923,ISIC_0027229,,2,BCC,4,BKL,False,0.7009567022323608,0.765864372253418,3,AKIEC,0.6134560704231262,-0.15240830183029175,0.8332743644714355,1.043582797050476,0.765864372253418,0.6134560704231262,0.6720577478408813,0.7453710436820984,1.0310442447662354,52,8
5473,ISIC_0029779,,2,BCC,6,VASC,False,0.39791029691696167,1.0468385219573975,6,VASC,0.8987468481063843,-0.14809167385101318,1.113498330116272,1.0772780179977417,1.0468385219573975,1.045872688293457,1.0671008825302124,0.9713551998138428,0.8987468481063843,58,9
1634,ISIC_0025940,,2,BCC,3,AKIEC,False,0.5618954300880432,0.751930832862854,3,AKIEC,0.6049266457557678,-0.14700418710708618,0.8654814958572388,1.0896224975585938,0.751930832862854,0.6049266457557678,0.9359570741653442,0.869226336479187,1.0975561141967773,61,10
5086,ISIC_0029392,,2,BCC,2,BCC,True,0.47148704528808594,0.7771439552307129,3,AKIEC,0.6532089710235596,-0.12393498420715332,0.8784874677658081,1.015817403793335,0.7771439552307129,0.6532089710235596,0.9027787446975708,0.8363684415817261,1.070860505104065,80,11
3545,ISIC_0027851,,2,BCC,2,BCC,True,0.27254265546798706,0.9270409345626831,5,DF,0.8151364326477051,-0.11190450191497803,1.0216128826141357,1.0688709020614624,0.9270409345626831,0.9404243230819702,0.9344925880432129,0.8151364326477051,1.119711995124817,102,12
2381,ISIC_0026687,,2,BCC,3,AKIEC,False,0.39421433210372925,0.8748296499252319,3,AKIEC,0.7641022205352783,-0.11072742938995361,0.943013072013855,1.128082275390625,0.8748296499252319,0.7641022205352783,1.0114808082580566,0.9221940040588379,1.1765533685684204,106,13
6353,ISIC_0030659,,2,BCC,4,BKL,False,0.32092568278312683,0.875642716884613,5,DF,0.7661480903625488,-0.10949462652206421,0.9388931393623352,0.9802852869033813,0.875642716884613,0.8898163437843323,0.8395593762397766,0.7661480903625488,1.0195471048355103,109,14
1270,ISIC_0025576,,2,BCC,3,AKIEC,False,0.42087864875793457,0.7989603877067566,3,AKIEC,0.691317081451416,-0.10764330625534058,0.978378176689148,1.1154077053070068,0.7989603877067566,0.691317081451416,0.9108552932739258,0.8315935730934143,1.1291583776474,112,15
2015,ISIC_0026321,,2,BCC,2,BCC,True,0.4739900231361389,0.9814135432243347,6,VASC,0.8743049502372742,-0.10710859298706055,1.0546215772628784,1.1053578853607178,0.9814135432243347,1.003961443901062,1.092360496520996,1.0233534574508667,0.8743049502372742,113,16
5514,ISIC_0029820,,2,BCC,4,BKL,False,0.4920676648616791,0.6902117133140564,3,AKIEC,0.5869313478469849,-0.10328036546707153,0.8602262735366821,1.0444685220718384,0.6902117133140564,0.5869313478469849,0.7054970264434814,0.7056483030319214,1.0996521711349487,118,17
5943,ISIC_0030249,,2,BCC,2,BCC,True,0.35320428013801575,0.8807733654975891,3,AKIEC,0.7800202965736389,-0.1007530689239502,1.0312894582748413,1.1598081588745117,0.8807733654975891,0.7800202965736389,0.9209153056144714,0.849154531955719,1.1519019603729248,120,18
954,ISIC_0025260,,2,BCC,4,BKL,False,0.2908078730106354,1.0444071292877197,5,DF,0.9468161463737488,-0.09759098291397095,1.0413017272949219,1.0846786499023438,1.0444071292877197,0.9906008243560791,0.9967249035835266,0.9468161463737488,1.1258403062820435,136,19
5955,ISIC_0030261,,2,BCC,2,BCC,True,0.35305917263031006,0.7914276719093323,3,AKIEC,0.699528694152832,-0.09189897775650024,0.8728237748146057,1.0686674118041992,0.7914276719093323,0.699528694152832,0.8577437996864319,0.7959892153739929,1.0643866062164307,148,20
6472,ISIC_0030778,,2,BCC,6,VASC,False,0.27906158566474915,0.9777301549911499,6,VASC,0.8868984580039978,-0.0908316969871521,1.0011721849441528,1.0388292074203491,0.9777301549911499,1.0372083187103271,0.9994693398475647,0.9225190877914429,0.8868984580039978,150,21
1784,ISIC_0026090,,2,BCC,4,BKL,False,0.7949289679527283,0.7803317904472351,4,BKL,0.6895062327384949,-0.09082555770874023,0.9886497259140015,1.0912750959396362,0.7803317904472351,0.7675660848617554,0.6895062327384949,0.7468889355659485,1.1075570583343506,151,22
5025,ISIC_0029331,,2,BCC,2,BCC,True,0.5198987722396851,0.7751960754394531,3,AKIEC,0.6854730248451233,-0.08972305059432983,0.9344065189361572,1.0820090770721436,0.7751960754394531,0.6854730248451233,0.9452497363090515,0.8684994578361511,1.0899152755737305,157,23
4672,ISIC_0028978,,2,BCC,4,BKL,False,0.3299846053123474,0.8544405698776245,5,DF,0.7688275575637817,-0.08561301231384277,0.8192912340164185,1.0074973106384277,0.8544405698776245,0.8562686443328857,0.8366314768791199,0.7688275575637817,1.0919922590255737,174,24
1446,ISIC_0025752,,2,BCC,4,BKL,False,0.26492562890052795,0.9186193346977234,0,MEL,0.8349969983100891,-0.08362233638763428,0.8349969983100891,0.9734344482421875,0.9186193346977234,0.9503158330917358,0.8936139941215515,0.8750061392784119,1.0500390529632568,181,25
5441,ISIC_0029747,,2,BCC,2,BCC,True,0.3317567706108093,0.8914039134979248,5,DF,0.808175265789032,-0.08322864770889282,1.0062134265899658,1.094903826713562,0.8914039134979248,0.8386573791503906,0.9124284386634827,0.808175265789032,0.8485049605369568,185,26
8471,ISIC_0032777,,2,BCC,2,BCC,True,0.8126034140586853,0.8566372990608215,6,VASC,0.7735809683799744,-0.08305633068084717,1.151631474494934,1.1048458814620972,0.8566372990608215,1.1749475002288818,1.1775729656219482,1.0694864988327026,0.7735809683799744,186,27
3303,ISIC_0027609,,2,BCC,2,BCC,True,0.48357030749320984,1.1183351278305054,6,VASC,1.0366120338439941,-0.08172309398651123,1.2087968587875366,1.1623107194900513,1.1183351278305054,1.1908314228057861,1.1801797151565552,1.112687349319458,1.0366120338439941,194,28
3508,ISIC_0027814,,2,BCC,4,BKL,False,0.397306352853775,0.8678777813911438,5,DF,0.7906901240348816,-0.07718765735626221,1.0601048469543457,1.1043254137039185,0.8678777813911438,0.8084691166877747,0.8173486590385437,0.7906901240348816,1.089813470840454,210,29
4972,ISIC_0029278,,2,BCC,2,BCC,True,0.49680182337760925,0.768450140953064,3,AKIEC,0.6935263276100159,-0.0749238133430481,1.006697654724121,1.144451379776001,0.768450140953064,0.6935263276100159,0.9819692969322205,0.943362295627594,1.0732845067977905,216,30
6960,ISIC_0031266,,2,BCC,4,BKL,False,0.3768030107021332,0.8250372409820557,3,AKIEC,0.7502299547195435,-0.07480728626251221,0.9144235849380493,1.0810786485671997,0.8250372409820557,0.7502299547195435,0.8026627898216248,0.7908881902694702,1.1424107551574707,218,31
4747,ISIC_0029053,,2,BCC,2,BCC,True,0.5091484189033508,0.6504756808280945,3,AKIEC,0.575706422328949,-0.07476925849914551,0.9167880415916443,1.0769704580307007,0.6504756808280945,0.575706422328949,0.7663629651069641,0.7049809694290161,1.0112802982330322,219,32
7345,ISIC_0031651,,2,BCC,4,BKL,False,0.46012136340141296,0.8118446469306946,5,DF,0.7415709495544434,-0.07027369737625122,0.982435405254364,1.0337038040161133,0.8118446469306946,0.811516523361206,0.7750192880630493,0.7415709495544434,1.0369577407836914,244,33
6431,ISIC_0030737,,2,BCC,2,BCC,True,0.526472806930542,0.659322202205658,3,AKIEC,0.589066743850708,-0.07025545835494995,0.9148111939430237,1.081960916519165,0.659322202205658,0.589066743850708,0.8463442325592041,0.7687813639640808,1.09223210811615,245,34
8191,ISIC_0032497,,2,BCC,3,AKIEC,False,0.33928126096725464,0.8096201419830322,3,AKIEC,0.7410874962806702,-0.06853264570236206,0.7785027623176575,0.9608202576637268,0.8096201419830322,0.7410874962806702,0.9096630215644836,0.8533904552459717,1.111543893814087,256,35
3862,ISIC_0028168,,2,BCC,4,BKL,False,0.37102511525154114,0.8997849822044373,3,AKIEC,0.8347142338752747,-0.0650707483291626,0.9654674530029297,1.0736044645309448,0.8997849822044373,0.8347142338752747,0.8767223358154297,0.8844499588012695,1.1024187803268433,281,36
4382,ISIC_0028688,,2,BCC,3,AKIEC,False,0.29977288842201233,0.867005467414856,3,AKIEC,0.8031761646270752,-0.06382930278778076,0.9741705656051636,1.0063749551773071,0.867005467414856,0.8031761646270752,0.8541430830955505,0.8243310451507568,1.0515468120574951,286,37
5927,ISIC_0030233,,2,BCC,2,BCC,True,0.5432870388031006,0.8219395875930786,3,AKIEC,0.7595921158790588,-0.062347471714019775,0.8408123254776001,1.003646731376648,0.8219395875930786,0.7595921158790588,0.9705221652984619,0.8792793154716492,1.1281975507736206,297,38
2682,ISIC_0026988,,2,BCC,2,BCC,True,0.6456069350242615,0.7180314660072327,3,AKIEC,0.6562021970748901,-0.06182926893234253,0.9743070006370544,1.1650818586349487,0.7180314660072327,0.6562021970748901,0.9986977577209473,0.9423552751541138,1.1322697401046753,299,39
1077,ISIC_0025383,,2,BCC,2,BCC,True,0.7415743470191956,0.9628995656967163,6,VASC,0.9074390530586243,-0.05546051263809204,1.1464545726776123,1.1244618892669678,0.9628995656967163,1.0875016450881958,1.1598268747329712,0.981248140335083,0.9074390530586243,337,40
8176,ISIC_0032482,,2,BCC,2,BCC,True,0.7150760889053345,0.9348883628845215,6,VASC,0.8797803521156311,-0.05510801076889038,1.1230260133743286,1.1685681343078613,0.9348883628845215,1.1121383905410767,1.125948190689087,1.0378308296203613,0.8797803521156311,339,41
7530,ISIC_0031836,,2,BCC,2,BCC,True,0.4158831536769867,0.8116990327835083,0,MEL,0.7624853849411011,-0.04921364784240723,0.7624853849411011,0.9015343189239502,0.8116990327835083,0.9151028990745544,0.8900026082992554,0.8690804243087769,1.0816032886505127,382,42
39,ISIC_0024345,,2,BCC,4,BKL,False,0.5855507254600525,0.754356861114502,3,AKIEC,0.7064489126205444,-0.04790794849395752,0.9571932554244995,1.0964518785476685,0.754356861114502,0.7064489126205444,0.7343538403511047,0.753150463104248,1.1401841640472412,399,43
5965,ISIC_0030271,,2,BCC,3,AKIEC,False,0.3038952052593231,0.8914512395858765,3,AKIEC,0.8486400842666626,-0.04281115531921387,1.0096579790115356,1.1370763778686523,0.8914512395858765,0.8486400842666626,0.9411678314208984,0.8545970916748047,1.1748642921447754,445,44
6208,ISIC_0030514,,2,BCC,2,BCC,True,0.38044047355651855,0.6927042007446289,3,AKIEC,0.6522510647773743,-0.04045313596725464,0.882246732711792,1.056252121925354,0.6927042007446289,0.6522510647773743,0.7627498507499695,0.6967083811759949,1.0938091278076172,472,45
5341,ISIC_0029647,,2,BCC,4,BKL,False,0.5469387173652649,0.8287670016288757,5,DF,0.7923330068588257,-0.03643399477005005,0.9774527549743652,1.1190266609191895,0.8287670016288757,0.8237565755844116,0.793969988822937,0.7923330068588257,1.129019856452942,517,46
4364,ISIC_0028670,,2,BCC,2,BCC,True,0.6566689014434814,0.7922798991203308,6,VASC,0.7562706470489502,-0.036009252071380615,0.9632412195205688,0.9750171899795532,0.7922798991203308,1.0716453790664673,1.006557822227478,0.9172477126121521,0.7562706470489502,523,47
4044,ISIC_0028350,,2,BCC,2,BCC,True,0.36204108595848083,0.8410137891769409,3,AKIEC,0.8077319264411926,-0.03328186273574829,1.0448216199874878,1.1204476356506348,0.8410137891769409,0.8077319264411926,0.8801984786987305,0.8622652888298035,1.1322182416915894,555,48
1394,ISIC_0025700,,2,BCC,2,BCC,True,0.5396128296852112,0.837257981300354,5,DF,0.8053274154663086,-0.03193056583404541,0.979708731174469,1.0725767612457275,0.837257981300354,0.9007970094680786,0.953428328037262,0.8053274154663086,1.0929248332977295,568,49
2133,ISIC_0026439,,2,BCC,2,BCC,True,0.503743588924408,0.8729535341262817,5,DF,0.8480900526046753,-0.024863481521606445,0.9963038563728333,1.039637565612793,0.8729535341262817,0.9401940107345581,0.9682838320732117,0.8480900526046753,0.9701936841011047,651,50
6424,ISIC_0030730,,3,AKIEC,4,BKL,False,0.894199788570404,0.8407808542251587,4,BKL,0.6139393448829651,-0.2268415093421936,0.980909526348114,1.094472885131836,0.8786005973815918,0.8407808542251587,0.6139393448829651,0.7542123794555664,1.111188292503357,13,1
216,ISIC_0024522,,3,AKIEC,4,BKL,False,0.9130499362945557,0.873466432094574,4,BKL,0.650593101978302,-0.22287333011627197,0.9298368692398071,0.9703766703605652,0.8792482614517212,0.873466432094574,0.650593101978302,0.699337363243103,1.0670639276504517,16,2
1165,ISIC_0025471,,3,AKIEC,2,BCC,False,0.7058312892913818,0.8451356291770935,2,BCC,0.6238978505134583,-0.22123777866363525,0.9553528428077698,1.100253939628601,0.6238978505134583,0.8451356291770935,0.8011193871498108,0.8444132208824158,0.9264103174209595,17,3
7124,ISIC_0031430,,3,AKIEC,4,BKL,False,0.6835673451423645,1.0543133020401,4,BKL,0.8744975924491882,-0.17981570959091187,1.0588946342468262,1.0593347549438477,1.0413284301757812,1.0543133020401,0.8744975924491882,0.9147732257843018,1.063419222831726,29,4
4835,ISIC_0029141,,3,AKIEC,4,BKL,False,0.9158331155776978,0.8531591892242432,4,BKL,0.685814619064331,-0.1673445701599121,1.0157475471496582,1.1860015392303467,0.9143615365028381,0.8531591892242432,0.685814619064331,0.8451688885688782,1.1740480661392212,39,5
7897,ISIC_0032203,,3,AKIEC,2,BCC,False,0.6441556811332703,0.8447074890136719,2,BCC,0.6870850324630737,-0.15762245655059814,1.0217945575714111,1.1166563034057617,0.6870850324630737,0.8447074890136719,0.8442396521568298,0.7962672114372253,1.0962938070297241,42,6
6081,ISIC_0030387,,3,AKIEC,4,BKL,False,0.8395834565162659,0.8524326682090759,4,BKL,0.6989397406578064,-0.15349292755126953,1.0040122270584106,1.0704573392868042,0.861464262008667,0.8524326682090759,0.6989397406578064,0.7429328560829163,1.0972270965576172,48,7
619,ISIC_0024925,,3,AKIEC,2,BCC,False,0.6275754570960999,0.9202130436897278,2,BCC,0.7997861504554749,-0.12042689323425293,0.9532075524330139,1.0466690063476562,0.7997861504554749,0.9202130436897278,0.957377552986145,0.8869010210037231,1.0580077171325684,87,8
348,ISIC_0024654,,3,AKIEC,4,BKL,False,0.5040625929832458,1.018004059791565,4,BKL,0.8994938731193542,-0.1185101866722107,1.019362449645996,1.1196235418319702,0.9078226089477539,1.018004059791565,0.8994938731193542,0.9262740612030029,1.0643061399459839,89,9
5409,ISIC_0029715,,3,AKIEC,2,BCC,False,0.7442070245742798,0.8488729596138,2,BCC,0.730954647064209,-0.11791831254959106,0.8662144541740417,1.0173938274383545,0.730954647064209,0.8488729596138,0.9419570565223694,0.8852875828742981,1.0501618385314941,91,10
3037,ISIC_0027343,,3,AKIEC,0,MEL,False,0.3736286163330078,1.0013427734375,0,MEL,0.8878599405288696,-0.11348283290863037,0.8878599405288696,0.9677516222000122,1.0117114782333374,1.0013427734375,0.9966574311256409,0.9630658626556396,1.1003828048706055,98,11
404,ISIC_0024710,,3,AKIEC,2,BCC,False,0.7878186106681824,0.9015554785728455,2,BCC,0.8014633059501648,-0.10009217262268066,1.0549031496047974,1.17182195186615,0.8014633059501648,0.9015554785728455,1.1059417724609375,1.0257790088653564,0.8807486891746521,126,12
205,ISIC_0024511,,3,AKIEC,4,BKL,False,0.29745763540267944,0.8314127922058105,5,DF,0.7521620988845825,-0.07925069332122803,0.8310245871543884,0.9296799302101135,0.8321248292922974,0.8314127922058105,0.8108147382736206,0.7521620988845825,0.9895065426826477,203,13
8591,ISIC_0032897,,3,AKIEC,4,BKL,False,0.6972310543060303,0.8153093457221985,4,BKL,0.766124427318573,-0.04918491840362549,0.7990074157714844,0.9826052784919739,0.8061529397964478,0.8153093457221985,0.766124427318573,0.7885768413543701,1.104784607887268,383,14
6296,ISIC_0030602,,3,AKIEC,0,MEL,False,0.5617416501045227,0.7017422318458557,0,MEL,0.6531997323036194,-0.04854249954223633,0.6531997323036194,0.8921224474906921,0.8921570181846619,0.7017422318458557,0.8805590271949768,0.8356059193611145,1.1300394535064697,389,15
2741,ISIC_0027047,,3,AKIEC,4,BKL,False,0.6890392899513245,0.9123916625976562,4,BKL,0.8640786409378052,-0.048313021659851074,1.0945501327514648,1.1058495044708252,0.9421153664588928,0.9123916625976562,0.8640786409378052,0.9040923714637756,1.098789095878601,392,16
5065,ISIC_0029371,,3,AKIEC,2,BCC,False,0.5618609189987183,0.8974559307098389,2,BCC,0.851772665977478,-0.04568326473236084,1.0968210697174072,1.1834590435028076,0.851772665977478,0.8974559307098389,0.9970850348472595,0.9466758966445923,1.066541314125061,422,17
4962,ISIC_0029268,,3,AKIEC,4,BKL,False,0.5488390922546387,0.8216987252235413,5,DF,0.7764625549316406,-0.045236170291900635,0.816714346408844,0.9572935700416565,0.9439014792442322,0.8216987252235413,0.8153528571128845,0.7764625549316406,1.1139899492263794,426,18
1708,ISIC_0026014,,3,AKIEC,0,MEL,False,0.722694993019104,0.7231708765029907,0,MEL,0.677997350692749,-0.0451735258102417,0.677997350692749,0.8945623636245728,0.9135801792144775,0.7231708765029907,0.8083733320236206,0.7812539935112,1.1183444261550903,428,19
3028,ISIC_0027334,,3,AKIEC,2,BCC,False,0.37125271558761597,0.9354008436203003,5,DF,0.8949143290519714,-0.04048651456832886,1.0751430988311768,1.0699152946472168,0.9375856518745422,0.9354008436203003,0.9332349896430969,0.8949143290519714,1.079341173171997,471,20
3852,ISIC_0028158,,3,AKIEC,4,BKL,False,0.3335229456424713,0.9446502923965454,5,DF,0.9042180180549622,-0.04043227434158325,0.9931953549385071,1.0000227689743042,0.9893907904624939,0.9446502923965454,0.9331996440887451,0.9042180180549622,1.0511239767074585,474,21
1734,ISIC_0026040,,3,AKIEC,4,BKL,False,0.8506640195846558,0.7180771231651306,4,BKL,0.678787887096405,-0.039289236068725586,0.9533089399337769,1.132460117340088,0.9375180006027222,0.7180771231651306,0.678787887096405,0.7926235198974609,1.149364948272705,488,22
1897,ISIC_0026203,,3,AKIEC,0,MEL,False,0.2654481828212738,1.095180869102478,0,MEL,1.0571357011795044,-0.03804516792297363,1.0571357011795044,1.1130965948104858,1.1501619815826416,1.095180869102478,1.153229832649231,1.1248444318771362,1.2278493642807007,502,23
211,ISIC_0024517,,3,AKIEC,2,BCC,False,0.7200251817703247,0.7799715399742126,2,BCC,0.7424973249435425,-0.037474215030670166,0.9408471584320068,1.0241025686264038,0.7424973249435425,0.7799715399742126,0.9886666536331177,0.8432179093360901,1.0698096752166748,506,24
3282,ISIC_0027588,,3,AKIEC,1,NV,False,0.3253920078277588,1.0378506183624268,5,DF,1.0006533861160278,-0.037197232246398926,1.0238901376724243,1.0296566486358643,1.1138670444488525,1.0378506183624268,1.0537985563278198,1.0006533861160278,1.1442309617996216,510,25
3413,ISIC_0027719,,3,AKIEC,4,BKL,False,0.3190620243549347,0.9011280536651611,5,DF,0.8660606145858765,-0.03506743907928467,1.0721895694732666,1.0918182134628296,0.9484410881996155,0.9011280536651611,0.9041598439216614,0.8660606145858765,1.1426630020141602,534,26
7848,ISIC_0032154,,3,AKIEC,4,BKL,False,0.6617664098739624,0.6999918818473816,4,BKL,0.6685284376144409,-0.031463444232940674,0.8142890930175781,0.9269185066223145,0.8682201504707336,0.6999918818473816,0.6685284376144409,0.6916277408599854,1.0748577117919922,571,27
6885,ISIC_0031191,,3,AKIEC,4,BKL,False,0.633622407913208,0.8944731950759888,5,DF,0.8631277680397034,-0.0313454270362854,0.9968101382255554,1.0967566967010498,0.9659852981567383,0.8944731950759888,0.8680276870727539,0.8631277680397034,1.0982460975646973,573,28
5154,ISIC_0029460,,3,AKIEC,3,AKIEC,True,0.36242154240608215,0.782791018486023,5,DF,0.7527430057525635,-0.030048012733459473,0.9723595976829529,1.0865954160690308,0.9471220374107361,0.782791018486023,0.8613798022270203,0.7527430057525635,1.1617865562438965,589,29
941,ISIC_0025247,,3,AKIEC,2,BCC,False,0.5626380443572998,0.802579939365387,2,BCC,0.7726016640663147,-0.029978275299072266,1.055596113204956,1.1096729040145874,0.7726016640663147,0.802579939365387,0.9113724827766418,0.8404452800750732,1.0776444673538208,590,30
6243,ISIC_0030549,,3,AKIEC,2,BCC,False,0.4163603186607361,0.8830965757369995,5,DF,0.857837438583374,-0.02525913715362549,0.8584232330322266,0.9545483589172363,0.8778349161148071,0.8830965757369995,0.9139499068260193,0.857837438583374,1.0752896070480347,644,31
4193,ISIC_0028499,,3,AKIEC,4,BKL,False,0.7294813990592957,0.7429307103157043,4,BKL,0.7193975448608398,-0.023533165454864502,0.9243056178092957,1.0788416862487793,0.8926957845687866,0.7429307103157043,0.7193975448608398,0.812050461769104,1.1277908086776733,669,32
3826,ISIC_0028132,,3,AKIEC,2,BCC,False,0.7080426812171936,0.7578656077384949,2,BCC,0.7346996068954468,-0.023166000843048096,0.9402618408203125,1.0747196674346924,0.7346996068954468,0.7578656077384949,0.9154273271560669,0.8494811654090881,1.0518733263015747,677,33
7200,ISIC_0031506,,3,AKIEC,2,BCC,False,0.3822022080421448,0.7601626515388489,2,BCC,0.738545835018158,-0.021616816520690918,0.9450982213020325,1.0966880321502686,0.738545835018158,0.7601626515388489,0.8117391467094421,0.8436740636825562,1.082338809967041,697,34
1826,ISIC_0026132,,3,AKIEC,2,BCC,False,0.7260183691978455,0.7447417378425598,2,BCC,0.7234148383140564,-0.021326899528503418,0.8716281652450562,1.0483639240264893,0.7234148383140564,0.7447417378425598,0.9320381879806519,0.8814914226531982,1.1330872774124146,702,35
5609,ISIC_0029915,,3,AKIEC,3,AKIEC,True,0.3615133464336395,0.8432073593139648,5,DF,0.8220903277397156,-0.021117031574249268,0.9786267876625061,1.0159083604812622,0.9461610913276672,0.8432073593139648,0.9804704785346985,0.8220903277397156,1.027181625366211,706,36
5407,ISIC_0029713,,3,AKIEC,2,BCC,False,0.6887292265892029,0.7371323704719543,2,BCC,0.7204210162162781,-0.01671135425567627,0.8689783215522766,1.0971099138259888,0.7204210162162781,0.7371323704719543,0.9225479960441589,0.884055495262146,1.0890737771987915,763,37
5054,ISIC_0029360,,3,AKIEC,2,BCC,False,0.3646368682384491,0.8235352039337158,5,DF,0.8080244064331055,-0.015510797500610352,1.0008035898208618,1.1274094581604004,0.890557050704956,0.8235352039337158,0.9349905252456665,0.8080244064331055,1.0715047121047974,778,38
7546,ISIC_0031852,,3,AKIEC,4,BKL,False,0.35836151242256165,0.7495272159576416,0,MEL,0.740731418132782,-0.00879579782485962,0.740731418132782,0.9058111310005188,0.9708052277565002,0.7495272159576416,0.8089235424995422,0.8234107494354248,1.153981328010559,875,39
5056,ISIC_0029362,,3,AKIEC,2,BCC,False,0.6273273825645447,0.7570658922195435,2,BCC,0.7498626708984375,-0.007203221321105957,0.7953361868858337,0.9445908665657043,0.7498626708984375,0.7570658922195435,0.8395764827728271,0.790844202041626,1.0381016731262207,896,40
640,ISIC_0024946,,3,AKIEC,4,BKL,False,0.4010356664657593,0.7126446962356567,5,DF,0.7100368142127991,-0.002607882022857666,0.9479610919952393,1.0544283390045166,0.7280219793319702,0.7126446962356567,0.7573249340057373,0.7100368142127991,1.0171993970870972,995,41
112,ISIC_0024418,,3,AKIEC,0,MEL,False,0.28128781914711,0.9769011735916138,0,MEL,0.9764212369918823,-0.0004799365997314453,0.9764212369918823,1.0796774625778198,1.0345066785812378,0.9769011735916138,1.0162277221679688,0.9972968101501465,1.1321557760238647,1041,42
4029,ISIC_0028335,,3,AKIEC,4,BKL,False,0.39195874333381653,0.698422908782959,5,DF,0.7039956450462341,0.0055727362632751465,0.8590941429138184,1.0103569030761719,0.7148808836936951,0.698422908782959,0.7315061092376709,0.7039956450462341,1.0738130807876587,1173,43
2621,ISIC_0026927,,3,AKIEC,2,BCC,False,0.510205090045929,0.7491689920425415,2,BCC,0.7554876804351807,0.00631868839263916,1.005806803703308,1.0724117755889893,0.7554876804351807,0.7491689920425415,0.885782778263092,0.8433375358581543,1.0908613204956055,1192,44
4313,ISIC_0028619,,3,AKIEC,4,BKL,False,0.7014349699020386,0.8022502064704895,4,BKL,0.810797393321991,0.008547186851501465,0.9551612138748169,1.0833946466445923,1.0059428215026855,0.8022502064704895,0.810797393321991,0.8430376052856445,1.1446534395217896,1243,45
2988,ISIC_0027294,,3,AKIEC,2,BCC,False,0.38146039843559265,0.842491865158081,2,BCC,0.8541189432144165,0.01162707805633545,0.8646357655525208,1.0413377285003662,0.8541189432144165,0.842491865158081,0.956746518611908,0.8750708699226379,1.0295701026916504,1304,46
5332,ISIC_0029638,,3,AKIEC,4,BKL,False,0.6991512179374695,0.7155387997627258,4,BKL,0.7286104559898376,0.013071656227111816,0.9229450821876526,1.035206913948059,0.9350411295890808,0.7155387997627258,0.7286104559898376,0.7716944217681885,1.1502646207809448,1341,47
4338,ISIC_0028644,,3,AKIEC,3,AKIEC,True,0.46540918946266174,0.83415687084198,0,MEL,0.8474616408348083,0.01330476999282837,0.8474616408348083,0.9899045825004578,0.9694980382919312,0.83415687084198,0.956445574760437,0.9383058547973633,1.1444777250289917,1346,48
9563,ISIC_0033869,,3,AKIEC,2,BCC,False,0.3446432948112488,0.7230358719825745,2,BCC,0.7373459339141846,0.014310061931610107,0.8499249219894409,1.0223591327667236,0.7373459339141846,0.7230358719825745,0.8155297636985779,0.7775771021842957,1.1127454042434692,1371,49
4753,ISIC_0029059,,3,AKIEC,4,BKL,False,0.6579352021217346,0.7154087424278259,4,BKL,0.7308638095855713,0.015455067157745361,1.00407075881958,1.1529676914215088,0.7605533003807068,0.7154087424278259,0.7308638095855713,0.7689132690429688,1.1481530666351318,1400,50
4764,ISIC_0029070,,4,BKL,3,AKIEC,False,0.7595615386962891,1.0722336769104004,3,AKIEC,0.7610304951667786,-0.3112031817436218,1.1581445932388306,1.301750898361206,1.076413869857788,0.7610304951667786,1.0722336769104004,1.0134750604629517,1.2702076435089111,3,1
7683,ISIC_0031989,,4,BKL,3,AKIEC,False,0.8193239569664001,0.8834050297737122,3,AKIEC,0.5882133841514587,-0.2951916456222534,0.9555620551109314,1.1162854433059692,0.8247687816619873,0.5882133841514587,0.8834050297737122,0.8745177984237671,1.0601228475570679,4,2
7231,ISIC_0031537,,4,BKL,3,AKIEC,False,0.6451519727706909,0.8902056813240051,3,AKIEC,0.6001474261283875,-0.2900582551956177,0.8999817371368408,1.1084208488464355,0.8372650742530823,0.6001474261283875,0.8902056813240051,0.8074022531509399,1.18179190158844,6,3
6570,ISIC_0030876,,4,BKL,3,AKIEC,False,0.8236312866210938,0.8730434775352478,3,AKIEC,0.6196192502975464,-0.2534242272377014,0.926302969455719,1.0992649793624878,0.9756155014038086,0.6196192502975464,0.8730434775352478,0.8684515953063965,1.1426656246185303,11,4
762,ISIC_0025068,,4,BKL,4,BKL,True,0.47441011667251587,0.7468394637107849,3,AKIEC,0.5321613550186157,-0.2146781086921692,0.9165679812431335,1.0885714292526245,0.8362115621566772,0.5321613550186157,0.7468394637107849,0.7642146348953247,1.0809779167175293,18,5
2463,ISIC_0026769,,4,BKL,3,AKIEC,False,0.528241753578186,0.913872241973877,3,AKIEC,0.7016480565071106,-0.21222418546676636,1.0270787477493286,1.1899306774139404,0.9054837822914124,0.7016480565071106,0.913872241973877,0.806583821773529,1.1634938716888428,19,6
4401,ISIC_0028707,,4,BKL,3,AKIEC,False,0.509723961353302,0.7111091613769531,3,AKIEC,0.504159152507782,-0.20695000886917114,0.7964908480644226,1.0256627798080444,0.8396093845367432,0.504159152507782,0.7111091613769531,0.736240804195404,1.085010051727295,22,7
1355,ISIC_0025661,,4,BKL,3,AKIEC,False,0.416292667388916,0.8306818008422852,3,AKIEC,0.6407063603401184,-0.18997544050216675,0.9336383938789368,1.1355754137039185,0.8190591335296631,0.6407063603401184,0.8306818008422852,0.7531688213348389,1.1530375480651855,28,8
5219,ISIC_0029525,,4,BKL,3,AKIEC,False,0.5826646685600281,0.8129414319992065,3,AKIEC,0.6370807886123657,-0.17586064338684082,0.9908773303031921,1.0921056270599365,0.9070690274238586,0.6370807886123657,0.8129414319992065,0.8092026114463806,1.1258823871612549,30,9
575,ISIC_0024881,,4,BKL,2,BCC,False,0.61260986328125,0.884242057800293,2,BCC,0.7116307616233826,-0.1726112961769104,1.0092428922653198,1.149950623512268,0.7116307616233826,0.7490165829658508,0.884242057800293,0.8251064419746399,1.0272817611694336,32,10
5496,ISIC_0029802,,4,BKL,4,BKL,True,0.5032386779785156,0.7275156378746033,3,AKIEC,0.55817049741745,-0.16934514045715332,0.832548201084137,1.0659071207046509,0.8056721687316895,0.55817049741745,0.7275156378746033,0.7788914442062378,1.0794917345046997,36,11
4305,ISIC_0028611,,4,BKL,3,AKIEC,False,0.4653450548648834,0.9100645780563354,3,AKIEC,0.754014253616333,-0.15605032444000244,0.8213310241699219,0.9888219237327576,0.9212289452552795,0.754014253616333,0.9100645780563354,0.8499646186828613,1.1055628061294556,43,12
2317,ISIC_0026623,,4,BKL,4,BKL,True,0.4230855107307434,0.8134477734565735,3,AKIEC,0.6579524874687195,-0.155495285987854,0.9136033654212952,1.097397804260254,0.8626571297645569,0.6579524874687195,0.8134477734565735,0.7842947840690613,1.142250895500183,44,13
3930,ISIC_0028236,,4,BKL,3,AKIEC,False,0.5666608214378357,0.9144750833511353,3,AKIEC,0.7597686648368835,-0.1547064185142517,0.9035709500312805,0.9864252209663391,0.9724928736686707,0.7597686648368835,0.9144750833511353,0.8812425136566162,1.0789285898208618,46,14
969,ISIC_0025275,,4,BKL,2,BCC,False,0.5216861963272095,1.081351637840271,2,BCC,0.9268055558204651,-0.1545460820198059,1.06186842918396,1.1486496925354004,0.9268055558204651,1.0870686769485474,1.081351637840271,1.0663083791732788,1.0011154413223267,47,15
6670,ISIC_0030976,,4,BKL,4,BKL,True,0.37926745414733887,0.8228179216384888,3,AKIEC,0.6701501607894897,-0.15266776084899902,0.8916434645652771,1.1038812398910522,0.8652899265289307,0.6701501607894897,0.8228179216384888,0.7791257500648499,1.0968499183654785,51,16
5458,ISIC_0029764,,4,BKL,2,BCC,False,0.4053235650062561,0.8744755983352661,3,AKIEC,0.7226945757865906,-0.15178102254867554,1.032482624053955,1.171176791191101,0.7710297107696533,0.7226945757865906,0.8744755983352661,0.8229668736457825,1.0206104516983032,53,17
2301,ISIC_0026607,,4,BKL,2,BCC,False,0.5099024176597595,0.945702850818634,2,BCC,0.7954495549201965,-0.1502532958984375,0.9202181696891785,1.0644123554229736,0.7954495549201965,0.8854227662086487,0.945702850818634,0.9071252346038818,1.0816686153411865,54,18
4820,ISIC_0029126,,4,BKL,4,BKL,True,0.415284663438797,0.8031657934188843,3,AKIEC,0.6539817452430725,-0.14918404817581177,0.9919760227203369,1.146503210067749,0.7593903541564941,0.6539817452430725,0.8031657934188843,0.8475617170333862,1.0806926488876343,55,19
5882,ISIC_0030188,,4,BKL,3,AKIEC,False,0.47215861082077026,0.8705812096595764,3,AKIEC,0.7224456667900085,-0.14813554286956787,0.8376361727714539,1.0088824033737183,0.9999800324440002,0.7224456667900085,0.8705812096595764,0.8659769892692566,1.143823504447937,57,20
903,ISIC_0025209,,4,BKL,4,BKL,True,0.39499497413635254,0.8165853023529053,3,AKIEC,0.6749963164329529,-0.1415889859199524,0.9596995711326599,1.1597856283187866,0.862959623336792,0.6749963164329529,0.8165853023529053,0.7900474071502686,1.1485943794250488,64,21
4516,ISIC_0028822,,4,BKL,3,AKIEC,False,0.4468208849430084,0.9152911901473999,3,AKIEC,0.7738714218139648,-0.14141976833343506,1.1280542612075806,1.2504609823226929,1.0210497379302979,0.7738714218139648,0.9152911901473999,0.8997526168823242,1.241225004196167,65,22
6506,ISIC_0030812,,4,BKL,4,BKL,True,0.47481080889701843,0.8344244956970215,3,AKIEC,0.6932662725448608,-0.14115822315216064,1.0080910921096802,1.1512281894683838,0.7850915193557739,0.6932662725448608,0.8344244956970215,0.8726759552955627,1.1123641729354858,66,23
1353,ISIC_0025659,,4,BKL,4,BKL,True,0.43531250953674316,0.7401177883148193,3,AKIEC,0.6102868318557739,-0.1298309564590454,0.7574204802513123,0.9818228483200073,0.6952555179595947,0.6102868318557739,0.7401177883148193,0.6916643977165222,1.051156759262085,75,24
1679,ISIC_0025985,,4,BKL,4,BKL,True,0.5939526557922363,0.7196006774902344,2,BCC,0.6012340784072876,-0.11836659908294678,0.9855796694755554,1.1390621662139893,0.6012340784072876,0.7575383186340332,0.7196006774902344,0.7673269510269165,1.1119745969772339,90,25
2720,ISIC_0027026,,4,BKL,3,AKIEC,False,0.39948585629463196,0.8566327691078186,3,AKIEC,0.7437657713890076,-0.11286699771881104,0.8643307089805603,1.0465941429138184,1.0051292181015015,0.7437657713890076,0.8566327691078186,0.8477994203567505,1.1985100507736206,101,26
2300,ISIC_0026606,,4,BKL,2,BCC,False,0.3915739357471466,1.0379562377929688,2,BCC,0.9277833700180054,-0.11017286777496338,0.9851862192153931,1.0927733182907104,0.9277833700180054,1.1015712022781372,1.0379562377929688,1.023810863494873,1.0740431547164917,108,27
3374,ISIC_0027680,,4,BKL,4,BKL,True,0.4388673007488251,0.8130475878715515,3,AKIEC,0.7067331075668335,-0.10631448030471802,0.8292990922927856,1.0545052289962769,0.8067346811294556,0.7067331075668335,0.8130475878715515,0.8513250350952148,1.0201740264892578,114,28
6394,ISIC_0030700,,4,BKL,4,BKL,True,0.5079901814460754,0.84471595287323,3,AKIEC,0.7384922504425049,-0.1062237024307251,0.9255608320236206,1.1003901958465576,0.8918347954750061,0.7384922504425049,0.84471595287323,0.831386387348175,1.0003637075424194,115,29
2833,ISIC_0027139,,4,BKL,1,NV,False,0.37230348587036133,1.0788015127182007,1,NV,0.9782407283782959,-0.10056078433990479,1.0464305877685547,0.9782407283782959,1.1265968084335327,1.0436017513275146,1.0788015127182007,1.0320231914520264,1.1773502826690674,121,30
4356,ISIC_0028662,,4,BKL,4,BKL,True,0.6496251225471497,0.7399037480354309,3,AKIEC,0.6395576596260071,-0.10034608840942383,0.9061465859413147,1.133887529373169,0.9087220430374146,0.6395576596260071,0.7399037480354309,0.8225083351135254,1.1308331489562988,122,31
1083,ISIC_0025389,,4,BKL,4,BKL,True,0.6018857359886169,0.8119182586669922,3,AKIEC,0.717085599899292,-0.0948326587677002,0.9520315527915955,1.1490486860275269,0.9182996153831482,0.717085599899292,0.8119182586669922,0.8732441067695618,1.1652324199676514,144,32
758,ISIC_0025064,,4,BKL,0,MEL,False,0.3517554998397827,0.9328952431678772,0,MEL,0.8437610864639282,-0.08913415670394897,0.8437610864639282,1.004049301147461,0.897566020488739,0.980340838432312,0.9328952431678772,0.9062779545783997,1.1208661794662476,159,33
6130,ISIC_0030436,,4,BKL,2,BCC,False,0.37906020879745483,0.8672019839286804,2,BCC,0.7808647751808167,-0.08633720874786377,0.85569167137146,1.0375655889511108,0.7808647751808167,0.857987105846405,0.8672019839286804,0.8645298480987549,1.055493712425232,168,34
7566,ISIC_0031872,,4,BKL,4,BKL,True,0.4990902543067932,0.8115085959434509,5,DF,0.7275829911231995,-0.08392560482025146,0.9556897282600403,1.039447546005249,0.8571926355361938,0.9084061980247498,0.8115085959434509,0.7275829911231995,1.0244991779327393,180,35
6832,ISIC_0031138,,4,BKL,4,BKL,True,0.6406528949737549,0.7857017517089844,3,AKIEC,0.705473780632019,-0.08022797107696533,0.893172025680542,1.053993582725525,0.974968433380127,0.705473780632019,0.7857017517089844,0.8735912442207336,1.1758055686950684,198,36
7924,ISIC_0032230,,4,BKL,4,BKL,True,0.7480859160423279,0.7353594899177551,3,AKIEC,0.6562972068786621,-0.07906228303909302,1.040880560874939,1.172003984451294,0.8928357362747192,0.6562972068786621,0.7353594899177551,0.8061767816543579,1.1284732818603516,204,37
8330,ISIC_0032636,,4,BKL,4,BKL,True,0.4427950978279114,0.8835797309875488,0,MEL,0.8045788407325745,-0.07900089025497437,0.8045788407325745,0.9769039750099182,0.9019092321395874,0.9066815376281738,0.8835797309875488,0.9214829802513123,1.0169212818145752,205,38
8529,ISIC_0032835,,4,BKL,4,BKL,True,0.4286435842514038,0.8458658456802368,3,AKIEC,0.7705748677253723,-0.0752909779548645,0.8894717693328857,1.1086000204086304,0.9340335726737976,0.7705748677253723,0.8458658456802368,0.8247120976448059,1.1924405097961426,214,39
8247,ISIC_0032553,,4,BKL,4,BKL,True,0.6619031429290771,0.8192314505577087,0,MEL,0.7444211840629578,-0.07481026649475098,0.7444211840629578,0.8998734354972839,1.0226792097091675,0.8484679460525513,0.8192314505577087,0.8933780789375305,1.1357760429382324,217,40
6066,ISIC_0030372,,4,BKL,4,BKL,True,0.6445366144180298,0.7218169569969177,3,AKIEC,0.6472484469413757,-0.07456851005554199,0.8131457567214966,1.0320464372634888,0.7075839042663574,0.6472484469413757,0.7218169569969177,0.7556434273719788,1.0688704252243042,220,41
6415,ISIC_0030721,,4,BKL,4,BKL,True,0.39736950397491455,0.9222298264503479,2,BCC,0.8504277467727661,-0.07180207967758179,0.9800850749015808,1.0867805480957031,0.8504277467727661,0.9550478458404541,0.9222298264503479,0.9241588115692139,0.917820394039154,239,42
2171,ISIC_0026477,,4,BKL,1,NV,False,0.5167874693870544,1.1020127534866333,1,NV,1.0319994688034058,-0.07001328468322754,1.0796173810958862,1.0319994688034058,1.1865037679672241,1.2017543315887451,1.1020127534866333,1.1203604936599731,1.101745843887329,246,43
2355,ISIC_0026661,,4,BKL,4,BKL,True,0.5762773156166077,0.7911587953567505,3,AKIEC,0.7229586243629456,-0.06820017099380493,0.9890879392623901,1.0927387475967407,0.9926207065582275,0.7229586243629456,0.7911587953567505,0.8386880159378052,1.1925320625305176,257,44
2565,ISIC_0026871,,4,BKL,4,BKL,True,0.42547550797462463,0.8404516577720642,3,AKIEC,0.7742232084274292,-0.06622844934463501,0.9560548067092896,1.0185376405715942,1.0324434041976929,0.7742232084274292,0.8404516577720642,0.8280330896377563,1.150773525238037,275,45
2481,ISIC_0026787,,4,BKL,4,BKL,True,0.5799404978752136,0.7095540761947632,3,AKIEC,0.6436008810997009,-0.06595319509506226,0.6953181624412537,0.8920499086380005,0.8287280797958374,0.6436008810997009,0.7095540761947632,0.6914553642272949,1.0538840293884277,278,46
2711,ISIC_0027017,,4,BKL,4,BKL,True,0.8735057711601257,0.6223124861717224,3,AKIEC,0.5593171119689941,-0.06299537420272827,0.775261402130127,1.0659780502319336,0.7930196523666382,0.5593171119689941,0.6223124861717224,0.731033205986023,1.1300938129425049,293,47
5854,ISIC_0030160,,4,BKL,4,BKL,True,0.508460283279419,0.8728048801422119,5,DF,0.8098441362380981,-0.06296074390411377,0.8692409992218018,0.9584516286849976,0.9825134873390198,0.9709237217903137,0.8728048801422119,0.8098441362380981,1.1158918142318726,294,48
732,ISIC_0025038,,4,BKL,4,BKL,True,0.5594695806503296,0.7567867040634155,5,DF,0.6969853043556213,-0.05980139970779419,0.8248679041862488,0.9748762845993042,0.8522255420684814,0.7369592189788818,0.7567867040634155,0.6969853043556213,1.0618042945861816,311,49
9410,ISIC_0033716,,4,BKL,4,BKL,True,0.43948155641555786,0.8634526133537292,0,MEL,0.8067538142204285,-0.05669879913330078,0.8067538142204285,0.9800175428390503,0.8814143538475037,0.9245019555091858,0.8634526133537292,0.86380535364151,1.098341703414917,326,50
4345,ISIC_0028651,,5,DF,1,NV,False,0.7919980883598328,1.1358211040496826,1,NV,0.9659004211425781,-0.1699206829071045,1.186893105506897,0.9659004211425781,1.2672452926635742,1.2795190811157227,1.2310001850128174,1.1358211040496826,1.1514203548431396,35,1
8336,ISIC_0032642,,5,DF,0,MEL,False,0.6994401812553406,0.8662359714508057,0,MEL,0.7552361488342285,-0.11099982261657715,0.7552361488342285,0.9878343343734741,1.000017523765564,0.8975099921226501,0.906808078289032,0.8662359714508057,1.157162070274353,105,2
848,ISIC_0025154,,5,DF,2,BCC,False,0.6541985273361206,0.8314118981361389,2,BCC,0.7232781052589417,-0.10813379287719727,0.8803068995475769,0.9632384777069092,0.7232781052589417,0.8771679401397705,0.9069095849990845,0.8314118981361389,1.0653483867645264,111,3
9863,ISIC_0034169,,5,DF,2,BCC,False,0.750985324382782,0.9214097261428833,2,BCC,0.8219562768936157,-0.09945344924926758,1.0327922105789185,1.1043323278427124,0.8219562768936157,1.027640461921692,1.0148155689239502,0.9214097261428833,1.1049851179122925,130,4
7832,ISIC_0032138,,5,DF,3,AKIEC,False,0.6352810263633728,0.7243778109550476,3,AKIEC,0.636682391166687,-0.0876954197883606,0.9434875845909119,1.058131456375122,0.9361127614974976,0.636682391166687,0.8193652629852295,0.7243778109550476,1.1082907915115356,165,5
4484,ISIC_0028790,,5,DF,2,BCC,False,0.8362659215927124,0.824260950088501,2,BCC,0.7396386861801147,-0.08462226390838623,0.961059033870697,1.0496296882629395,0.7396386861801147,0.9026260375976562,1.0225492715835571,0.824260950088501,0.9800145626068115,177,6
4620,ISIC_0028926,,5,DF,3,AKIEC,False,0.3701760172843933,0.8462473154067993,3,AKIEC,0.7629801034927368,-0.0832672119140625,0.7908653020858765,0.9471515417098999,0.8499101996421814,0.7629801034927368,0.9275853037834167,0.8462473154067993,1.1084634065628052,184,7
4040,ISIC_0028346,,5,DF,4,BKL,False,0.8342387676239014,0.7705892324447632,4,BKL,0.690605103969574,-0.07998412847518921,0.9582881331443787,1.0757006406784058,0.8817737698554993,0.8035882115364075,0.690605103969574,0.7705892324447632,1.1488951444625854,199,8
4871,ISIC_0029177,,5,DF,1,NV,False,0.6411460041999817,1.099197268486023,1,NV,1.0241315364837646,-0.0750657320022583,1.15005362033844,1.0241315364837646,1.2476478815078735,1.2623094320297241,1.201759934425354,1.099197268486023,1.2036396265029907,215,9
9369,ISIC_0033675,,5,DF,4,BKL,False,0.43433886766433716,0.8342539668083191,3,AKIEC,0.7598047852516174,-0.07444918155670166,0.8665764927864075,1.0760549306869507,0.9600490927696228,0.7598047852516174,0.833561897277832,0.8342539668083191,1.1503793001174927,222,10
5272,ISIC_0029578,,5,DF,0,MEL,False,0.4341387152671814,0.8744543194770813,0,MEL,0.8020834922790527,-0.07237082719802856,0.8020834922790527,0.8946523070335388,1.0257022380828857,0.9245685338973999,0.9466272592544556,0.8744543194770813,1.0801271200180054,235,11
7038,ISIC_0031344,,5,DF,4,BKL,False,0.8472522497177124,0.7202991843223572,4,BKL,0.6579121351242065,-0.062387049198150635,0.8495221138000488,1.0204983949661255,0.7518212199211121,0.6681162714958191,0.6579121351242065,0.7202991843223572,1.1199110746383667,295,12
667,ISIC_0024973,,5,DF,2,BCC,False,0.4061748683452606,0.8783858418464661,0,MEL,0.8165856003761292,-0.061800241470336914,0.8165856003761292,0.9581910967826843,0.8599087595939636,0.8475974798202515,0.9615614414215088,0.8783858418464661,1.057023286819458,300,13
247,ISIC_0024553,,5,DF,2,BCC,False,0.2998707592487335,0.9951716065406799,6,VASC,0.9404767751693726,-0.05469483137130737,1.182258129119873,1.0959628820419312,1.0435196161270142,1.1213537454605103,1.1021517515182495,0.9951716065406799,0.9404767751693726,345,14
7941,ISIC_0032247,,5,DF,4,BKL,False,0.3115037679672241,0.840946614742279,0,MEL,0.7942366600036621,-0.04670995473861694,0.7942366600036621,0.9534848928451538,0.8467931151390076,0.8891668915748596,0.872745931148529,0.840946614742279,1.0853312015533447,413,15
2910,ISIC_0027216,,5,DF,1,NV,False,0.7617821097373962,1.0152567625045776,1,NV,0.9712523221969604,-0.04400444030761719,1.1297696828842163,0.9712523221969604,1.1783084869384766,1.137924313545227,1.0930194854736328,1.0152567625045776,1.1739180088043213,437,16
2882,ISIC_0027188,,5,DF,4,BKL,False,0.6383309960365295,0.897625207901001,4,BKL,0.8594846725463867,-0.03814053535461426,1.0488874912261963,1.103140115737915,0.9530947208404541,1.0447680950164795,0.8594846725463867,0.897625207901001,1.1245261430740356,501,17
2801,ISIC_0027107,,5,DF,4,BKL,False,0.798327624797821,0.6873279809951782,4,BKL,0.6522185802459717,-0.03510940074920654,0.7783244252204895,0.8910969495773315,0.929597795009613,0.8149837255477905,0.6522185802459717,0.6873279809951782,1.0964016914367676,533,18
5705,ISIC_0030011,,5,DF,3,AKIEC,False,0.39905697107315063,0.7096185684204102,3,AKIEC,0.6762489080429077,-0.03336966037750244,0.8661604523658752,1.0130521059036255,0.8727220296859741,0.6762489080429077,0.8014428615570068,0.7096185684204102,1.12571382522583,553,19
6451,ISIC_0030757,,5,DF,3,AKIEC,False,0.36676374077796936,0.7358594536781311,3,AKIEC,0.7049534320831299,-0.03090602159500122,1.005963921546936,1.1078767776489258,0.880219042301178,0.7049534320831299,0.8103083372116089,0.7358594536781311,1.1564395427703857,581,20
8950,ISIC_0033256,,5,DF,0,MEL,False,0.5382393598556519,0.8038560152053833,0,MEL,0.7730783820152283,-0.03077763319015503,0.7730783820152283,0.9329184293746948,0.9468452334403992,0.8628464937210083,0.9511345028877258,0.8038560152053833,1.0794264078140259,582,21
1198,ISIC_0025504,,5,DF,2,BCC,False,0.32076364755630493,0.8343685865402222,0,MEL,0.8068364262580872,-0.02753216028213501,0.8068364262580872,0.9360292553901672,0.8167329430580139,0.8536267876625061,0.866037130355835,0.8343685865402222,1.078581690788269,620,22
1597,ISIC_0025903,,5,DF,1,NV,False,0.658637523651123,1.1180338859558105,1,NV,1.0924791097640991,-0.025554776191711426,1.2441664934158325,1.0924791097640991,1.2293623685836792,1.2549710273742676,1.2096210718154907,1.1180338859558105,1.19546377658844,635,23
5585,ISIC_0029891,,5,DF,2,BCC,False,0.7096912860870361,0.7078310251235962,2,BCC,0.6871230602264404,-0.02070796489715576,0.8059360980987549,0.9494763016700745,0.6871230602264404,0.714377760887146,0.8304988741874695,0.7078310251235962,1.041698932647705,713,24
6015,ISIC_0030321,,5,DF,2,BCC,False,0.4486926198005676,0.8877118229866028,2,BCC,0.8689822554588318,-0.018729567527770996,0.9677053689956665,1.0170377492904663,0.8689822554588318,0.9392408132553101,0.9268325567245483,0.8877118229866028,1.1181972026824951,738,25
6524,ISIC_0030830,,5,DF,1,NV,False,0.2959296703338623,0.994491457939148,1,NV,0.9758412837982178,-0.018650174140930176,0.9928823113441467,0.9758412837982178,1.1574233770370483,1.0851962566375732,1.0367082357406616,0.994491457939148,1.1745469570159912,739,26
2812,ISIC_0027118,,5,DF,1,NV,False,0.552608847618103,0.984286904335022,1,NV,0.9808820486068726,-0.003404855728149414,1.0275318622589111,0.9808820486068726,1.0902433395385742,1.1292829513549805,1.0123993158340454,0.984286904335022,1.1121933460235596,974,27
5709,ISIC_0030015,,5,DF,4,BKL,False,0.6039599180221558,0.7741883397102356,4,BKL,0.7714174389839172,-0.0027709007263183594,0.8906940221786499,0.9583473205566406,0.9294571280479431,0.9306155443191528,0.7714174389839172,0.7741883397102356,1.0171114206314087,992,28
7123,ISIC_0031429,,5,DF,4,BKL,False,0.6896755695343018,0.804962694644928,4,BKL,0.8025081753730774,-0.002454519271850586,0.807044267654419,0.9515003561973572,0.8984686732292175,0.8634798526763916,0.8025081753730774,0.804962694644928,1.1059808731079102,999,29
7808,ISIC_0032114,,5,DF,4,BKL,False,0.40264981985092163,0.7175660729408264,3,AKIEC,0.7153341174125671,-0.0022319555282592773,0.7859893441200256,0.9841416478157043,0.7803890109062195,0.7153341174125671,0.7662972807884216,0.7175660729408264,1.0964395999908447,1009,30
5661,ISIC_0029967,,5,DF,0,MEL,False,0.2881968021392822,0.7720168232917786,3,AKIEC,0.7706800103187561,-0.001336812973022461,0.8051201105117798,0.9660322070121765,0.8390202522277832,0.7706800103187561,0.8614182472229004,0.7720168232917786,1.0862566232681274,1023,31
5938,ISIC_0030244,,5,DF,2,BCC,False,0.6005432605743408,0.7555461525917053,2,BCC,0.7546679973602295,-0.0008781552314758301,0.8499646186828613,0.960238516330719,0.7546679973602295,0.9191915392875671,0.8966033458709717,0.7555461525917053,1.0137860774993896,1032,32
7429,ISIC_0031735,,5,DF,3,AKIEC,False,0.31386542320251465,0.693560779094696,3,AKIEC,0.6936504244804382,8.96453857421875e-05,0.8798354864120483,1.026753544807434,0.8121941089630127,0.6936504244804382,0.7760456204414368,0.693560779094696,1.1309380531311035,1053,33
5518,ISIC_0029824,,5,DF,3,AKIEC,False,0.38893285393714905,0.8155187368392944,3,AKIEC,0.81590336561203,0.0003846287727355957,0.9554311037063599,1.0789810419082642,1.0197783708572388,0.81590336561203,0.9043523669242859,0.8155187368392944,1.180437445640564,1058,34
688,ISIC_0024994,,5,DF,4,BKL,False,0.422640860080719,1.0114713907241821,4,BKL,1.012330412864685,0.0008590221405029297,1.2098041772842407,1.1705814599990845,1.0802795886993408,1.2081165313720703,1.012330412864685,1.0114713907241821,1.1784989833831787,1070,35
6564,ISIC_0030870,,5,DF,4,BKL,False,0.7783526182174683,0.8117344975471497,4,BKL,0.8151506185531616,0.003416121006011963,1.0472118854522705,1.1265443563461304,0.9914432764053345,0.9621516466140747,0.8151506185531616,0.8117344975471497,1.172320008277893,1121,36
8307,ISIC_0032613,,5,DF,0,MEL,False,0.410210520029068,0.8736288547515869,3,AKIEC,0.878216564655304,0.004587709903717041,0.9344302415847778,1.0764641761779785,1.048885464668274,0.878216564655304,1.015769362449646,0.8736288547515869,1.1625195741653442,1148,37
2738,ISIC_0027044,,5,DF,4,BKL,False,0.3968927562236786,0.9499937295913696,4,BKL,0.9554547667503357,0.0054610371589660645,1.1935803890228271,1.1036173105239868,1.065496802330017,1.12153959274292,0.9554547667503357,0.9499937295913696,1.1256425380706787,1167,38
4733,ISIC_0029039,,5,DF,4,BKL,False,0.5909501314163208,0.8535217642784119,2,BCC,0.8595292568206787,0.006007492542266846,1.0594674348831177,1.0631872415542603,0.8595292568206787,0.9583839774131775,0.8710257411003113,0.8535217642784119,1.05859375,1186,39
2323,ISIC_0026629,,5,DF,4,BKL,False,0.6947985291481018,0.8260096311569214,4,BKL,0.8363983035087585,0.010388672351837158,1.0237045288085938,0.9983657598495483,1.0002319812774658,0.9554916024208069,0.8363983035087585,0.8260096311569214,1.1224907636642456,1282,40
8162,ISIC_0032468,,5,DF,3,AKIEC,False,0.32517528533935547,0.9259514212608337,6,VASC,0.9402027130126953,0.014251291751861572,1.091064453125,1.1046005487442017,1.0414484739303589,0.9550194144248962,1.0316566228866577,0.9259514212608337,0.9402027130126953,1369,41
8104,ISIC_0032410,,5,DF,4,BKL,False,0.2936612069606781,1.0069254636764526,4,BKL,1.0228517055511475,0.015926241874694824,1.0945358276367188,1.110402226448059,1.1124190092086792,1.1058518886566162,1.0228517055511475,1.0069254636764526,1.1889363527297974,1410,42
5477,ISIC_0029783,,5,DF,3,AKIEC,False,0.30966079235076904,0.9172239303588867,3,AKIEC,0.9339150786399841,0.016691148281097412,1.0323344469070435,1.0214850902557373,0.9785450100898743,0.9339150786399841,1.012036681175232,0.9172239303588867,0.943283200263977,1433,43
7521,ISIC_0031827,,5,DF,2,BCC,False,0.3819999396800995,0.8795118927955627,6,VASC,0.8972148895263672,0.017702996730804443,1.0410741567611694,1.0185182094573975,0.9899190664291382,0.9910488724708557,1.0454646348953247,0.8795118927955627,0.8972148895263672,1464,44
6249,ISIC_0030555,,5,DF,4,BKL,False,0.23987184464931488,0.993933379650116,4,BKL,1.0192978382110596,0.025364458560943604,1.0691494941711426,1.0779228210449219,1.1219240427017212,1.1302074193954468,1.0192978382110596,0.993933379650116,1.0925321578979492,1625,45
2702,ISIC_0027008,,5,DF,2,BCC,False,0.6216934323310852,0.823337733745575,2,BCC,0.849574089050293,0.026236355304718018,0.9275146126747131,1.029470443725586,0.849574089050293,0.918979287147522,1.0271753072738647,0.823337733745575,1.0112130641937256,1638,46
7066,ISIC_0031372,,5,DF,4,BKL,False,0.604420006275177,0.7531444430351257,4,BKL,0.784821093082428,0.031676650047302246,0.8985536098480225,0.9752403497695923,0.9719730615615845,0.9164120554924011,0.784821093082428,0.7531444430351257,1.1317328214645386,1768,47
7151,ISIC_0031457,,5,DF,4,BKL,False,0.7530363202095032,0.6854183077812195,4,BKL,0.7188546657562256,0.033436357975006104,0.8207302689552307,0.9298900365829468,0.925593376159668,0.8215314149856567,0.7188546657562256,0.6854183077812195,1.1157503128051758,1811,48
4429,ISIC_0028735,,5,DF,4,BKL,False,0.33011361956596375,1.0017421245574951,4,BKL,1.0356550216674805,0.03391289710998535,1.0913965702056885,1.0439038276672363,1.1421093940734863,1.136799931526184,1.0356550216674805,1.0017421245574951,1.1443063020706177,1822,49
1648,ISIC_0025954,,5,DF,1,NV,False,0.3185819089412689,0.9093987941741943,1,NV,0.9471629858016968,0.03776419162750244,0.9538441300392151,0.9471629858016968,1.0286614894866943,0.9656415581703186,0.9923115968704224,0.9093987941741943,1.0841312408447266,1927,50
5180,ISIC_0029486,,6,VASC,3,AKIEC,False,0.24984018504619598,1.0137450695037842,5,DF,0.7392656803131104,-0.27447938919067383,0.9349017143249512,1.008025884628296,0.8398919105529785,0.7936912178993225,0.8872082829475403,0.7392656803131104,1.0137450695037842,8,1
7595,ISIC_0031901,,6,VASC,2,BCC,False,0.24200646579265594,1.0279754400253296,5,DF,0.8025901913642883,-0.22538524866104126,0.9397929906845093,0.990506112575531,0.8719921112060547,0.8676114678382874,0.921528697013855,0.8025901913642883,1.0279754400253296,14,2
2407,ISIC_0026713,,6,VASC,2,BCC,False,0.3782701790332794,0.9626477360725403,2,BCC,0.8575278520584106,-0.10511988401412964,1.0626238584518433,0.9763055443763733,0.8575278520584106,1.0556576251983643,0.9737945199012756,0.8712921142578125,0.9626477360725403,116,3
7649,ISIC_0031955,,6,VASC,1,NV,False,0.25298479199409485,1.03029203414917,5,DF,0.947947084903717,-0.08234494924545288,1.060531497001648,1.0173964500427246,0.949547529220581,1.0871989727020264,0.9842543005943298,0.947947084903717,1.03029203414917,189,4
3840,ISIC_0028146,,6,VASC,1,NV,False,0.5843743681907654,1.0432922840118408,1,NV,0.9782860279083252,-0.06500625610351562,1.0883498191833496,0.9782860279083252,1.1324598789215088,1.2025256156921387,1.1524542570114136,1.0890971422195435,1.0432922840118408,282,5
8439,ISIC_0032745,,6,VASC,2,BCC,False,0.37059974670410156,0.952003002166748,2,BCC,0.9212801456451416,-0.030722856521606445,0.9727795124053955,1.0300304889678955,0.9212801456451416,0.9800466299057007,0.9750836491584778,0.950980544090271,0.952003002166748,584,6
9152,ISIC_0033458,,6,VASC,2,BCC,False,0.5801029205322266,0.8236014246940613,2,BCC,0.7981917858123779,-0.02540963888168335,0.9198665618896484,1.036117672920227,0.7981917858123779,0.9210678935050964,0.995954155921936,0.9158991575241089,0.8236014246940613,640,7
5764,ISIC_0030070,,6,VASC,1,NV,False,0.5604034066200256,1.0204987525939941,1,NV,1.0011411905288696,-0.01935756206512451,1.054839015007019,1.0011411905288696,1.1202908754348755,1.1405792236328125,1.0981791019439697,1.0421658754348755,1.0204987525939941,730,8
8924,ISIC_0033230,,6,VASC,2,BCC,False,0.6768620014190674,0.7894974946975708,2,BCC,0.7841622829437256,-0.005335211753845215,1.0090076923370361,1.0926328897476196,0.7841622829437256,0.8645915985107422,1.0498647689819336,0.9417625665664673,0.7894974946975708,932,9
7413,ISIC_0031719,,6,VASC,1,NV,False,0.3129989802837372,1.018715739250183,1,NV,1.016388177871704,-0.002327561378479004,1.0419796705245972,1.016388177871704,1.1624724864959717,1.0995218753814697,1.0495582818984985,1.040175437927246,1.018715739250183,1006,10
8251,ISIC_0032557,,6,VASC,2,BCC,False,0.35133326053619385,0.9161263704299927,2,BCC,0.9211334586143494,0.0050070881843566895,0.9676257967948914,1.0327122211456299,0.9211334586143494,0.9978554248809814,0.9846765995025635,0.9358331561088562,0.9161263704299927,1160,11
8469,ISIC_0032775,,6,VASC,0,MEL,False,0.37307798862457275,0.8256049752235413,0,MEL,0.8384583592414856,0.012853384017944336,0.8384583592414856,0.9169015288352966,0.9102159142494202,0.9394333958625793,0.9770809412002563,0.8910590410232544,0.8256049752235413,1337,12
8725,ISIC_0033031,,6,VASC,6,VASC,True,0.40859121084213257,0.8028491139411926,0,MEL,0.8375738263130188,0.03472471237182617,0.8375738263130188,0.9078013300895691,0.8770763874053955,0.9339710474014282,0.9805165529251099,0.8860018253326416,0.8028491139411926,1844,13
9456,ISIC_0033762,,6,VASC,6,VASC,True,0.29307347536087036,0.7785442471504211,3,AKIEC,0.8393757939338684,0.060831546783447266,0.9474226832389832,1.0970323085784912,0.8898301124572754,0.8393757939338684,1.0355125665664673,0.949289858341217,0.7785442471504211,2609,14
6464,ISIC_0030770,,6,VASC,1,NV,False,0.3835412263870239,0.820264458656311,5,DF,0.8865581750869751,0.06629371643066406,1.015257716178894,0.943030834197998,0.9120772480964661,1.0921306610107422,0.9638728499412537,0.8865581750869751,0.820264458656311,2771,15
9538,ISIC_0033844,,6,VASC,6,VASC,True,0.5238394737243652,0.8041284084320068,2,BCC,0.8722755908966064,0.06814718246459961,0.9895472526550293,0.989768385887146,0.8722755908966064,1.0290173292160034,0.9930828213691711,0.9748140573501587,0.8041284084320068,2819,16
169,ISIC_0024475,,6,VASC,6,VASC,True,0.41943785548210144,0.8421003818511963,5,DF,0.9407259821891785,0.09862560033798218,1.0751063823699951,1.011961817741394,0.9709335565567017,1.050855040550232,1.0052629709243774,0.9407259821891785,0.8421003818511963,3820,17
9908,ISIC_0034214,,6,VASC,6,VASC,True,0.42906782031059265,0.7573224306106567,3,AKIEC,0.8566464185714722,0.09932398796081543,0.9894106984138489,1.1065475940704346,0.9231522679328918,0.8566464185714722,1.0544620752334595,0.9708658456802368,0.7573224306106567,3844,18
8786,ISIC_0033092,,6,VASC,6,VASC,True,0.5294979214668274,0.8963730931282043,5,DF,1.001941442489624,0.10556834936141968,1.031281590461731,1.0684223175048828,1.0354677438735962,1.072636365890503,1.0237114429473877,1.001941442489624,0.8963730931282043,4058,19
6784,ISIC_0031090,,6,VASC,6,VASC,True,0.4671453833580017,0.8635129928588867,1,NV,0.9781162738800049,0.11460328102111816,0.9850631952285767,0.9781162738800049,1.091414213180542,1.1439075469970703,1.0940346717834473,1.0471094846725464,0.8635129928588867,4384,20
3550,ISIC_0027856,,6,VASC,6,VASC,True,0.47271522879600525,0.7467813491821289,2,BCC,0.8696003556251526,0.12281900644302368,0.9724567532539368,0.9357438087463379,0.8696003556251526,1.0575850009918213,0.9623547196388245,0.894993245601654,0.7467813491821289,4679,21
7040,ISIC_0031346,,6,VASC,6,VASC,True,0.46184760332107544,0.7566494941711426,5,DF,0.882240891456604,0.12559139728546143,1.0042368173599243,0.9654624462127686,0.9771881103515625,1.0497338771820068,0.8829909563064575,0.882240891456604,0.7566494941711426,4771,22
891,ISIC_0025197,,6,VASC,6,VASC,True,0.457714319229126,0.9315640330314636,1,NV,1.059503197669983,0.1279391646385193,1.2394195795059204,1.059503197669983,1.2022178173065186,1.2621679306030273,1.2279773950576782,1.1699708700180054,0.9315640330314636,4852,23
5142,ISIC_0029448,,6,VASC,6,VASC,True,0.59981769323349,0.7588125467300415,1,NV,0.8874332308769226,0.1286206841468811,0.9694872498512268,0.8874332308769226,1.0108054876327515,1.1023751497268677,1.0161861181259155,0.9855293035507202,0.7588125467300415,4880,24
4793,ISIC_0029099,,6,VASC,6,VASC,True,0.6424403190612793,0.7815797328948975,5,DF,0.9114245176315308,0.1298447847366333,1.0506007671356201,0.9919403195381165,0.9422650337219238,1.0756125450134277,1.0035462379455566,0.9114245176315308,0.7815797328948975,4923,25
9890,ISIC_0034196,,6,VASC,6,VASC,True,0.5354835987091064,0.7811543941497803,2,BCC,0.9122293591499329,0.1310749650001526,1.0009050369262695,1.0454305410385132,0.9122293591499329,1.0468252897262573,1.0944689512252808,1.0309607982635498,0.7811543941497803,4963,26
1015,ISIC_0025321,,6,VASC,6,VASC,True,0.5423975586891174,0.7967202067375183,2,BCC,0.9358832240104675,0.13916301727294922,0.9903291463851929,0.9852451682090759,0.9358832240104675,1.082207202911377,0.9741020798683167,0.9364623427391052,0.7967202067375183,5227,27
2853,ISIC_0027159,,6,VASC,6,VASC,True,0.4905821979045868,0.8658620119094849,5,DF,1.0062694549560547,0.14040744304656982,1.0422905683517456,1.0174129009246826,1.120635747909546,1.1674537658691406,1.0403975248336792,1.0062694549560547,0.8658620119094849,5280,28
2161,ISIC_0026467,,6,VASC,1,NV,False,0.5277636647224426,0.8790625333786011,1,NV,1.026413917541504,0.14735138416290283,1.197752594947815,1.026413917541504,1.1758263111114502,1.2253141403198242,1.2225024700164795,1.1430277824401855,0.8790625333786011,5521,29
3597,ISIC_0027903,,6,VASC,6,VASC,True,0.5568097829818726,0.7112419605255127,2,BCC,0.8625180721282959,0.1512761116027832,0.9759182929992676,0.9033817052841187,0.8625180721282959,1.0178662538528442,1.0540467500686646,0.9081320762634277,0.7112419605255127,5649,30
944,ISIC_0025250,,6,VASC,6,VASC,True,0.6169024109840393,0.7865009307861328,2,BCC,0.9422422051429749,0.15574127435684204,1.0381768941879272,1.044063925743103,0.9422422051429749,1.0972777605056763,1.01129150390625,1.0094157457351685,0.7865009307861328,5805,31
3359,ISIC_0027665,,6,VASC,6,VASC,True,0.42680469155311584,0.9141524434089661,1,NV,1.073371410369873,0.15921896696090698,1.2191880941390991,1.073371410369873,1.16924250125885,1.2373607158660889,1.233093023300171,1.1498111486434937,0.9141524434089661,5915,32
9443,ISIC_0033749,,6,VASC,6,VASC,True,0.6602475643157959,0.7171388268470764,2,BCC,0.8816832900047302,0.1645444631576538,0.9509480595588684,0.9450741410255432,0.8816832900047302,0.989692747592926,1.009270191192627,0.9497783184051514,0.7171388268470764,6119,33
1567,ISIC_0025873,,6,VASC,6,VASC,True,0.6550390124320984,0.866900622844696,1,NV,1.040954828262329,0.17405420541763306,1.091797113418579,1.040954828262329,1.0683465003967285,1.1454201936721802,1.0942659378051758,1.0604039430618286,0.866900622844696,6467,34
3257,ISIC_0027563,,6,VASC,6,VASC,True,0.6014229655265808,0.7469563484191895,5,DF,0.9220683574676514,0.17511200904846191,0.9363755583763123,0.9275535941123962,0.9394699931144714,1.0918017625808716,0.9651368260383606,0.9220683574676514,0.7469563484191895,6496,35
1786,ISIC_0026092,,6,VASC,6,VASC,True,0.596959114074707,0.6983518600463867,2,BCC,0.8797555565834045,0.18140369653701782,1.0347137451171875,1.02371346950531,0.8797555565834045,1.0435216426849365,1.0681380033493042,0.9553053379058838,0.6983518600463867,6724,36
7690,ISIC_0031996,,6,VASC,6,VASC,True,0.7258440852165222,0.7858333587646484,4,BKL,0.9699448347091675,0.18411147594451904,0.977787971496582,0.9784255027770996,0.9994025230407715,1.0737643241882324,0.9699448347091675,0.974168062210083,0.7858333587646484,6829,37
1618,ISIC_0025924,,6,VASC,6,VASC,True,0.7393518686294556,0.8012213706970215,1,NV,0.9932342171669006,0.19201284646987915,1.0592844486236572,0.9932342171669006,1.107205867767334,1.1785142421722412,1.1354540586471558,1.0883877277374268,0.8012213706970215,7101,38
3079,ISIC_0027385,,6,VASC,6,VASC,True,0.5802854895591736,0.7598999738693237,1,NV,0.9572736024856567,0.197373628616333,1.0351698398590088,0.9572736024856567,1.0340064764022827,1.1663047075271606,1.1111171245574951,1.0451006889343262,0.7598999738693237,7286,39
5098,ISIC_0029404,,6,VASC,6,VASC,True,0.5420113205909729,0.839938223361969,2,BCC,1.0387473106384277,0.19880908727645874,1.1079508066177368,1.042134404182434,1.0387473106384277,1.1480218172073364,1.1425211429595947,1.077774167060852,0.839938223361969,7327,40
1272,ISIC_0025578,,6,VASC,6,VASC,True,0.6659134030342102,0.800996720790863,1,NV,1.0031083822250366,0.20211166143417358,1.0056926012039185,1.0031083822250366,1.003882646560669,1.1306413412094116,1.0811609029769897,1.060385823249817,0.800996720790863,7449,41
3857,ISIC_0028163,,6,VASC,6,VASC,True,0.5725483894348145,0.7259199023246765,2,BCC,0.9314458966255188,0.20552599430084229,1.1381113529205322,1.0698230266571045,0.9314458966255188,1.1463181972503662,1.1497576236724854,0.9888983368873596,0.7259199023246765,7582,42
943,ISIC_0025249,,6,VASC,6,VASC,True,0.6740913987159729,0.7657158970832825,5,DF,0.9723789095878601,0.20666301250457764,1.057652235031128,1.0427113771438599,0.998608410358429,1.135055661201477,0.9861463308334351,0.9723789095878601,0.7657158970832825,7618,43
7644,ISIC_0031950,,6,VASC,6,VASC,True,0.6900202631950378,0.7216838002204895,5,DF,0.9438238739967346,0.22214007377624512,1.0307735204696655,0.9513821005821228,1.040897011756897,1.1008979082107544,1.0681989192962646,0.9438238739967346,0.7216838002204895,8181,44
6576,ISIC_0030882,,6,VASC,6,VASC,True,0.6552100777626038,0.7722407579421997,2,BCC,0.9965430498123169,0.2243022918701172,1.0297008752822876,1.0232648849487305,0.9965430498123169,1.1408809423446655,1.1339502334594727,1.0664174556732178,0.7722407579421997,8249,45
9511,ISIC_0033817,,6,VASC,6,VASC,True,0.5723460912704468,0.6728023290634155,2,BCC,0.8984445333480835,0.22564220428466797,1.0186582803726196,0.9294321537017822,0.8984445333480835,1.083677887916565,1.078279972076416,0.9475114345550537,0.6728023290634155,8285,46
598,ISIC_0024904,,6,VASC,6,VASC,True,0.6597986817359924,0.6700422167778015,2,BCC,0.9014310836791992,0.2313888669013977,1.1303257942199707,1.0960321426391602,0.9014310836791992,1.1013317108154297,1.118703842163086,1.0202974081039429,0.6700422167778015,8476,47
5969,ISIC_0030275,,6,VASC,6,VASC,True,0.6518236994743347,0.7605147957801819,1,NV,0.9998238682746887,0.23930907249450684,1.084823489189148,0.9998238682746887,1.0517973899841309,1.140267014503479,1.1163017749786377,1.0425559282302856,0.7605147957801819,8705,48
8561,ISIC_0032867,,6,VASC,6,VASC,True,0.7411514520645142,0.7384659647941589,5,DF,0.9917371869087219,0.253271222114563,1.0552198886871338,1.0305529832839966,1.0038864612579346,1.0749826431274414,1.0746973752975464,0.9917371869087219,0.7384659647941589,9108,49
3484,ISIC_0027790,,6,VASC,6,VASC,True,0.5263751149177551,0.8893195390701294,5,DF,1.1431567668914795,0.2538372278213501,1.2196087837219238,1.1445403099060059,1.1581051349639893,1.2205002307891846,1.1999770402908325,1.1431567668914795,0.8893195390701294,9122,50
